row_id,source_actor,source_type,target_actor,target_type,comuna,tipo_conflicto,url
21,grupo de vecinos de Vitacura,colectivo_vecinal,Comisión de Evaluación Ambiental de la Región Metropolitana,otro,Vitacura,ambiental,https://tribunalambiental.cl/sentencia-r-236-2020-proyecto-inmobiliario-conjunto-armonico-portezuelo-vitacura/
25,Inmobiliaria Uncastillo S.A.,otro,Municipalidad de Cerrillos,municipio,Cerrillos,irregularidad_administrativa,https://actualidadjuridica.doe.cl/corte-suprema-acoge-reclamo-de-ilegalidad-y-deja-sin-efecto-invalidacion-municipal/
26,familia Callejas,ciudadano_individual,Constructora Inarco S.A. e Inmobiliaria Tabancura S.A.,inmobiliaria,Vitacura,otro,https://www.latercera.com/pulso-pm/noticia/familia-callejas-demanda-a-inmobiliarias-por-fallido-proyecto-en-vitacura/
27,VMI Inmobiliaria,otro,Dirección de Obras de Vitacura,municipio,Vitacura,irregularidad_administrativa,https://www.df.cl/empresas/construccion/hermanos-galmez-activan-uno-de-los-mayores-proyectos-inmobiliarios-en
28,un par de vecinos,ciudadano_individual,Inmobiliaria Monjitas S.A.,inmobiliaria,Santiago,patrimonio,https://opinion.cooperativa.cl/opinion/ciudadania/patrimonio-en-riesgo-en-la-comuna-de-santiago/2014-07-17/120323.html
29,Salvemos Lo Barnechea,colectivo_vecinal,Municipalidad de Lo Barnechea,municipio,Lo Barnechea,ambiental,https://www.elmostrador.cl/noticias/pais/2019/07/10/lo-barnechea-en-conflicto-proyecto-inmobiliario-autorizado-por-alcalde-felipe-guevara-amenaza-bosque-nativo/
30,la comunidad,colectivo_vecinal,Concejo de Santiago,municipio,Santiago,impugnacion_plan_regulador,https://www.munistgo.cl/plan-regulador/
31,Inmobiliaria Placilla,otro,Contraloría General de la República,otro,Estación Central,irregularidad_administrativa,https://www.latercera.com/pulso/noticia/inmobiliaria-va-al-tc-dictamen-contraloria-invalido-permisos-estacion-central/725708/
50,Desarrollo Inmobiliario Cerro Apoquindo,otro,Municipalidad de Las Condes,municipio,Las Condes,irregularidad_administrativa,https://www.diarioconstitucional.cl/2025/10/02/municipalidad-de-las-condes-actuo-apegada-a-la-legalidad-en-caso-parque-canal-el-bollo-resuelve-la-corte-suprema/
55,Joaquín Lavín,concejal_politico,Municipalidad de Vitacura,municipio,Vitacura,integracion_social_ds19,https://www.biobiochile.cl/noticias/nacional/region-metropolitana/2018/07/04/termino-conflicto-entre-vitacura-y-las-condes-por-terreno-comunas-realizaran-sus-proyectos.shtml
60,"Municipalidad de Maipú, encabezada por Tomás Vodanovic",otro,4Life Seguros de Vida S.A.,inmobiliaria,Maipú,ambiental,https://www.ex-ante.cl/economia/los-contratos-por-trato-directo-del-alcalde-vodanovic-con-ong-vinculada-al-fa-para-frenar-inversion-inmobiliaria/
65,la inmobiliaria,otro,Municipalidad de San Ramón,municipio,San Ramón,irregularidad_administrativa,https://es.linkedin.com/pulse/luz-verde-judicial-para-un-proyecto-inmobiliario-en-san-tracy-dunstan-uahuc
69,Claudio Orrego,concejal_politico,Suksa,inmobiliaria,Estación Central,densidad_altura,https://www.eldinamo.cl/pais/2017/05/04/inmobiliaria-de-guetos-verticales-se-defiende-con-inserto-en-diario-y-afirma-que-ofrecen-calidad/
81,Junta de Vecinos A15,junta_vecinos,Las Condes,municipio,Vitacura,densidad_altura,https://segreader.emol.cl/2017/05/18/A/M235MCEK/light?gt=134637
83,vecinos del barrio,colectivo_vecinal,Consejo de Monumentos Nacionales,consejo_monumentos_nacionales,Santiago,patrimonio,https://www.scielo.cl/scielo.php?script=sci_arttext&pid=S0717-69962018000100132
88,Comité La Reina Comuna parque y No parque de edificios,colectivo_vecinal,Inmobiliaria DSE Limitada,inmobiliaria,La Reina,densidad_altura,https://www.defendamoslaciudad.cl/noticias/item/1068-vecinos-se-oponen-a-construccion-de-edificio-en-la-reina
89,Tomás Hirsch,otro,Servicio de Evaluación Ambiental (SEA) de la Región Metropolitana,otro,Peñalolén,ambiental,https://www.biobiochile.cl/noticias/nacional/chile/2020/11/08/viviendo-en-la-falla-de-san-ramon-todo-en-orden.shtml
90,Fundación Defendamos la Ciudad,ong_patrimonial,Municipalidad de Pudahuel,municipio,Pudahuel,irregularidad_administrativa,https://www.ciperchile.cl/2019/01/11/pudahuel-municipalidad-entrego-permisos-de-edificacion-en-terrenos-destinados-a-parques-y-areas-verdes/
92,los vecinos,colectivo_vecinal,Inmobiliaria Universa,inmobiliaria,Peñalolén,densidad_altura,https://www.df.cl/empresas/construccion/luz-verde-a-megaproyecto-en-penalolen-inmobiliaria-y-municipio-sellan
98,Fundación Defendamos la Ciudad,otro,Municipalidad de Santiago,municipio,Santiago,impugnacion_plan_regulador,https://radio.uchile.cl/2017/08/11/un-terreno-urbano-con-2-distintos-usos-de-suelo/
102,Municipalidad de Vitacura,otro,Cencosud,inmobiliaria,Vitacura,irregularidad_administrativa,https://www.ciperchile.cl/2017/04/28/la-batalla-legal-entre-vitacura-y-cencosud-que-tiene-con-pena-a-paulmann/
115,41 vecinos de la comuna de Vitacura,colectivo_vecinal,subcontralor Jorge Reyes,otro,Vitacura,densidad_altura,https://radio.uchile.cl/2025/06/02/si-dorothy-perez-hubiera-ejercido-como-contralora-este-proyecto-en-vitacura-no-se-habria-ejecutado/
124,Junta de Vecinos de la Población Carmen Mena,junta_vecinos,inmobiliaria Maestra,inmobiliaria,San Miguel,densidad_altura,https://radio.uchile.cl/2019/10/12/san-miguel-en-alerta-vecinos-denuncian-indiscriminada-construccion-de-edificios/
126,Movimiento de Pobladoras/es en Lucha (MPL),colectivo_vecinal,Universa SpA,inmobiliaria,Peñalolén,densidad_altura,https://www.elciudadano.com/chile/la-ciudad-no-se-vende-vecinos-de-penalolen-se-rebelan-contra-megaproyecto-aprobado-entre-cuatro-paredes/05/02/
127,coordinadora vecinal de La Reina,colectivo_vecinal,concejo municipal,municipio,La Reina,densidad_altura,https://www.latercera.com/diario-impreso/la-reina-inicia-debate-por-cambios-a-edificacion-en-altura-de-nuevo-plan-regulador/
131,Paulina Bobadilla,concejal_politico,Comisión de Evaluación Ambiental (Coeva) de la Región Metropolitana,otro,Quilicura,ambiental,https://www.pauta.cl/ciudad/2023/02/23/aprueban-nuevo-megaproyecto-en-quilicura-a-pesar-de-oposicion-del-municipio.html
138,Sofía Moller,ciudadano_individual,Inmobiliaria Ilumina,inmobiliaria,Vitacura,otro,https://chocale.cl/2024/07/defectos-en-viviendas-nuevas-familias-denuncian-graves-problemas-estructurales-inmobiliarias-alzazar-ilumina/
142,los tradicionales vecinos de Estación Central,colectivo_vecinal,Inmobiliaria Fortaleza Placilla SpA; Inmobiliaria Dalmacia,inmobiliaria,Estación Central,irregularidad_administrativa,https://www.biobiochile.cl/noticias/blogs/el-blog-de-patricio-herman/2020/10/28/continuara-la-impunidad-para-los-guetos-verticales-con-una-constitucion-de-verdad.shtml
147,Fundación Defendamos la Ciudad,ong_patrimonial,Municipalidad de Las Condes,municipio,Las Condes,impugnacion_plan_regulador,https://www.ciperchile.cl/2017/02/02/contraloria-constata-ilegalidad-en-decreto-que-modifico-plan-regulador-de-las-condes/
150,vecinos del Territorio 1,colectivo_vecinal,Sergio Echeverría,municipio,San Joaquín,densidad_altura,https://elquintopoder.cl/ciudadania/en-san-joaquin-los-vecinos-pedimos-servicios-comunitarios-y-no-construcciones-en-altura/
152,los vecinos,colectivo_vecinal,inmobiliarias,inmobiliaria,Estación Central,densidad_altura,https://transportevertical.org/sitio/guetos-verticales-en-santiago/
159,algunos vecinos y la alcadesa de Vitacura,otro,Cencosud,inmobiliaria,Vitacura,vial_transito,https://www.df.cl/df-mas/coffee-break/cencosud-retira-del-tramite-ambiental-su-proyecto-en-vitacura
160,No + Edificios,colectivo_vecinal,fundación Ciudad del Niño,otro,San Miguel,densidad_altura,https://www.theclinic.cl/2022/01/05/megaproyecto-san-miguel-poblacion/
173,vecinos,colectivo_vecinal,municipio de Las Condes,municipio,Las Condes,irregularidad_administrativa,https://www.latercera.com/negocios/noticia/inmobiliaria-la-familia-chicharro-invertira-us-450-millones-al-2021/73170/
177,"los propietarios del inmueble (ocho hermanos Rabat Vilaplana), representados por Andrés Ibarra Videla y Javier Zulueta Videla",otro,Secretaría Regional Ministerial Metropolitana de Vivienda y Urbanismo (Seremi),minvu_gobierno,Vitacura,patrimonio,https://www.df.cl/empresas/construccion/el-golpe-de-la-seremi-de-vivienda-y-la-contraloria-a-proyecto-inmobiliario
186,los vecinos,colectivo_vecinal,Municipio de Las Condes,municipio,Vitacura,integracion_social_ds19,https://www.latercera.com/opinion/noticia/viviendas-sociales-vitacura-ganan-los-politicos-pierden-los-pobres/146108/
189,L&L,otro,Servicio de Evaluación Ambiental (SEA),otro,Vitacura,ambiental,https://www.meganoticias.cl/nacional/403314-construccion-conjunto-armonico-portezuelo-vitacura-lo-curro-paralizan-votacion-rechazar-proyecto-falla-de-san-ramon-23-01-2023.html
193,Claudio Orrego,otro,la industria inmobiliaria,inmobiliaria,Estación Central,densidad_altura,https://www.scielo.cl/scielo.php?script=sci_arttext&pid=S0717-69962018000100144
198,Fundación Defendamos la Ciudad,ong_patrimonial,Municipalidad de Ñuñoa,municipio,Ñuñoa,irregularidad_administrativa,https://interferencia.cl/articulos/fundamenta-denuncian-en-contraloria-estudio-de-sombras-de-controvertido-proyecto-de-cuatro
208,Agrupación por la defensa de los vecinos del barrio Estación Central,colectivo_vecinal,ex alcalde Rodrigo Delgado y director de obras,municipio,Estación Central,irregularidad_administrativa,https://www.hogardecristo.cl/entrevistas/alejandro-verdugo-demolamos-al-menos-una-megatorre/
210,Inmobiliaria Huidobro,otro,Municipalidad de Independencia,municipio,Independencia,irregularidad_administrativa,https://www.elperiodista.cl/2023/08/consejo-municipal-de-independencia-rechaza-conciliacion-con-constructora-huidobro/
211,grupo de vecinos de Estación Central,colectivo_vecinal,Municipalidad de Estación Central,municipio,Estación Central,densidad_altura,https://www.eldinamo.cl/pais/2017/08/29/corte-rechaza-recursos-de-vecinos-por-construccion-de-mas-guetos-verticales-en-estacion-central/
222,"Inmobiliaria Fortaleza Placilla, Sociedad Placilla, Inmobiliaria Cenit Placilla, Eurocorp Dos, Inmobiliaria Nogales, Inmobiliaria Ecuador Origen, Inmobiliaria Ecuador, Constructora Alonso de Córdova y la Asociación Nacional de Revisores Independientes",otro,Contraloría General de la República,otro,Estación Central,irregularidad_administrativa,https://www.latercera.com/pulso/noticia/corte-de-santiago-confirma-invalidacion-de-permisos-de-edificacion-en-estacion-central/CARTTIC7BVB7DJ3543SGTODIUI/
237,Vacation Rental SpA,otro,administración del edificio Jacarandá,otro,Vitacura,otro,https://www.emol.com/noticias/Economia/2018/09/21/921362/Justicia-rechaza-recurso-de-proteccion-contra-comunidad-de-edificio-que-prohibio-uso-de-departamento-como-apart-hotel.html
239,Municipalidad de Las Condes,otro,Municipalidad de Vitacura,municipio,Vitacura,impugnacion_plan_regulador,https://valuaciones.cl/las-condes-le-gana-a-vitacura-juicio-por-terrenos-en-una-de-las-zonas-mas-caras-de-santiago/
241,19 Juntas de Vecinos de Estación Central,junta_vecinos,Municipio de Estación Central,municipio,Estación Central,irregularidad_administrativa,https://www.biobiochile.cl/noticias/artes-y-cultura/actualidad-cultural/2018/12/21/guetos-verticales-las-disputas-entre-los-arquitectos-miguel-lawner-y-humberto-eliash.shtml
243,Viento Sur,colectivo_vecinal,Inmobiliaria Pocuro,inmobiliaria,Peñalolén,ambiental,https://interferencia.cl/articulos/inmobiliaria-pocuro-inicia-tala-de-arboles-nativos-en-penalolen-alto-tras-visto-bueno-de
246,Vecinos Autoconvocados de Av. Centenario,colectivo_vecinal,Corporación de la Defensa del Niño,otro,San Miguel,densidad_altura,https://radiojgm.uchile.cl/vecinos-de-ciudad-del-nino-convocan-a-protestas-por-amenazas-de-guetos-verticales/
248,Su Ksa,otro,Claudio Orrego,otro,Estación Central,ambiental,https://segreader.emol.cl/2017/04/13/A/JI3512LK/light?gt=134207
249,vecinos de Rotonda Atenas,colectivo_vecinal,alcalde Joaquín Lavín,municipio,Las Condes,otro,https://www.hogardecristo.cl/reportajes/viviendas-sociales-en-las-condes-la-verdadera-historia-de-los-postulantes/
250,No + Edificios,colectivo_vecinal,Fundación de la Ciudad del Niño,otro,San Miguel,densidad_altura,https://www.latercera.com/nacional/noticia/el-megaproyecto-que-san-miguel-busca-frenar-construccion-de-23-torres-elevaria-en-18-la-poblacion-de-la-comuna/CTUY7NRWDFAGJKSVUFN43KXK7E/
253,vecinos,colectivo_vecinal,"Plaza Egaña SpA, de Inmobiliaria Fundamenta",inmobiliaria,Ñuñoa,ambiental,https://www.ciperchile.cl/2025/11/18/la-otra-causa-en-que-vivanco-y-simpertigue-fallaron-a-favor-de-clientes-de-lagos-y-vargas-para-destrabar-millonario-proyecto-inmobiliario/
256,un grupo de vecinos,colectivo_vecinal,Municipalidad de Las Condes,municipio,Las Condes,irregularidad_administrativa,https://www.latercera.com/pulso/noticia/corte-suprema-confirma-validez-actuacion-inmobiliaria-nueva-golf-disputa-vecinos-municipalidad-las-condes/973821/
257,inmobiliaria Dalmacia,otro,Contraloría General de la República,otro,Estación Central,densidad_altura,https://interferencia.cl/articulos/guetos-verticales-de-estacion-central-sufren-nuevo-reves-suprema-rechaza-recurso-de
258,Inmobiliaria Presidente Riesco S.A.,otro,Ministerio de Educación,otro,Las Condes,patrimonio,https://es.wikipedia.org/wiki/Villa_Compa%C3%B1ero_Ministro_Carlos_Cort%C3%A9s
263,Consejo de Defensa del Estado,otro,condominios de lujo,otro,Lo Barnechea,ambiental,https://interferencia.cl/casos/proyectos-inmobiliarios-en-area-de-preservacion-ecologica
274,Vecinos Unidos 2018,colectivo_vecinal,Municipio de San Joaquín,municipio,San Joaquín,densidad_altura,https://elquintopoder.cl/medio-ambiente/villa-musicos-del-mundo-y-poblacion-chile-amenazadas-por-la-ambicion-inmobiliaria-en-san-joaquin/
281,Municipalidad de Santiago,otro,Inmobiliaria Morandé 2010 S.A.,inmobiliaria,Santiago,patrimonio,https://elquintopoder.cl/ciudad/pretenden-demoler-edificio-patrimonial-en-comuna-de-santiago/
282,Inmobiliaria Toro Mazotte 115 S.A.,otro,Servicio de Evaluación Ambiental (SEA),otro,Estación Central,ambiental,https://tribunalambiental.cl/sentencia-confirma-rechazo-torres-habitacionales-estacion-central/
291,"Felipe Alessandri, Jorge Alessandri y María Constanza Vergara",ciudadano_individual,Municipalidad de Las Condes,municipio,Las Condes,irregularidad_administrativa,https://www.elmostrador.cl/noticias/pais/2017/10/31/felipe-alessandri-presenta-recurso-contra-municipio-de-lavin-para-defender-su-casa-en-el-barrio-donde-vivio-pinochet/
295,vecinos de Plaza Egaña,colectivo_vecinal,Servicio de Evaluación Ambiental,otro,Ñuñoa,ambiental,https://www.pauta.cl/economia/2022/04/11/alfredo-palominos-fundamenta-rechazo-megaproyecto-inmobiliario-nunoa.html
301,Fundación Defendamos la Ciudad,ong_patrimonial,Municipalidad de Providencia,municipio,Providencia,irregularidad_administrativa,https://elquintopoder.cl/ciudad/en-alemania-el-costanera-center-no-se-construye/
306,1.750 familias,otro,Inmobiliaria Casa Grande,inmobiliaria,Peñalolén,otro,https://interferencia.cl/articulos/pinera-acumulo-sus-primeros-millones-de-dolares-en-el-rubro-de-la-construccion
312,Felipe Muñoz,concejal_politico,Gobierno / Ministerio de Vivienda y Urbanismo,minvu_gobierno,Estación Central,densidad_altura,https://radio.uchile.cl/2026/07/31/alcalde-de-estacion-central-presenta-requerimiento-en-contraloria-por-modificaciones-a-la-ordenanza-general-de-urbanismo/
316,fundación ciudadana,otro,Cencosud,inmobiliaria,Vitacura,irregularidad_administrativa,https://radio.uchile.cl/2021/03/17/paulmann-solicita-a-vitacura-eximirse-del-cumplimiento-de-la-ley/
318,Fundación Defendamos la Ciudad,otro,Dirección de Obras Municipal de Pudahuel,municipio,Pudahuel,irregularidad_administrativa,https://interferencia.cl/articulos/pudahuel-recibe-nuevas-denuncias-por-entregar-cuestionados-permisos-de-edificacion
319,Agrupación Defensa Barrios de Estación Central,colectivo_vecinal,Dirección de Obras Municipales (DOM) de Estación Central,municipio,Estación Central,irregularidad_administrativa,https://www.eldinamo.cl/opinion/2017/09/04/guetos-verticales-todos-los-analizados-por-la-autoridad-son-ilegales/
321,alcalde Torrealba,concejal_politico,Municipalidad de Las Condes,municipio,Vitacura,otro,https://laventanaciudadana.cl/se-trata-solo-de-un-problema-economico/
325,Cenco Malls,otro,Seremi de Transportes de la Región Metropolitana,otro,Vitacura,vial_transito,https://www.ex-ante.cl/economia/cenco-malls-se-ve-obligado-a-no-continuar-con-el-proyecto-cencosud-tira-la-toalla-y-cancela-mall-en-vitacura/
326,algunos propietarios,otro,importante agente inmobiliario,inmobiliaria,Vitacura,otro,https://mundodelaconstruccion.cl/2017/06/28/edificio-la-portada-vitacura-de-icono-a-lunar/
327,Municipalidad de Vitacura,otro,sociedad que impulsa el denominado proyecto Zoccalo,inmobiliaria,Vitacura,irregularidad_administrativa,https://www.linkedin.com/posts/leonardocardenashidalgo_municipalidad-de-vitacura-escala-conflicto-activity-7128183823887937536--4Fy
333,Cenco Malls,otro,Secretaría Regional Ministerial de Transportes y Telecomunicaciones,otro,Vitacura,vial_transito,https://www.t13.cl/noticia/ex-ante/negocios/cenco-malls-no-continuar-proyecto-cencosud-tira-toalla-cancela-mall-vitacura-2-12-2025
334,vecinos del sector oriente,colectivo_vecinal,Ministerio de Vivienda y Urbanismo,minvu_gobierno,Lo Barnechea,integracion_social_ds19,https://cl.techo.org/vivienda-social-en-comunas-de-altos-ingresos-el-desafio-de-integrar-de-verdad/
335,fundación Defendamos la Ciudad,ong_patrimonial,Municipalidad de Las Condes,municipio,Las Condes,irregularidad_administrativa,https://www.elclarin.cl/2020/12/15/que-sucedera-con-los-25-edificios-ilegales-en-las-condes/
339,Cámara Chilena de la Construcción (CChC),otro,Contraloría General de la República,otro,Estación Central,irregularidad_administrativa,https://www.latercera.com/pulso/noticia/cchc-cambio-criterio-contraloria-todas-estas-incertezas-generan-mas-demoras-mayor-riesgo-pone-una-presion-al-precio-las-viviendas/512898/
342,"Unión Comunal de Juntas de Vecinos de Ñuñoa, la Junta de Vecinos Parque Gorostiaga y un grupo de vecinos de esa comuna",junta_vecinos,Servicio de Evaluación Ambiental (SEA),otro,Ñuñoa,ambiental,https://www.biobiochile.cl/noticias/nacional/region-metropolitana/2021/11/26/tribunal-acoge-parcialmente-reclamacion-de-vecinos-por-megaproyecto-inmobiliario-en-plaza-egana.shtml
354,Banco Consorcio,otro,Inmobiliaria y Constructora Francisco de Riveros,inmobiliaria,Vitacura,otro,https://es.linkedin.com/posts/rodrigoandreucciabogado_inmobiliaria-y-constructora-francisco-de-activity-7454849627926822913-Hcys
367,Fundación Defendamos la Ciudad,ong_patrimonial,municipalidad de Las Condes,municipio,Las Condes,irregularidad_administrativa,https://lavozdelosquesobran.cl/hoy/por-ilegalidades-en-el-permiso-de-construccion-fundacion-defendamos-la-ciudad-denuncio-a-la-municipalidad-de-las-condes-a-contraloria-por-edificio-de-la-cchc-en-las-condes/07052021
373,vecinos y agrupaciones vecinales de la comuna de Ñuñoa,colectivo_vecinal,Comisión de Evaluación Ambiental de la Región Metropolitana / Servicio de Evaluación Ambiental,otro,Ñuñoa,ambiental,https://www.df.cl/empresas/construccion/fundamenta-reinicia-obras-de-megaproyecto-egana-comunidad-sustentable
383,No + Edificios,colectivo_vecinal,Inmobiliaria Maestra S.A.,inmobiliaria,San Miguel,densidad_altura,https://radiojgm.uchile.cl/construir-ciudad-el-futuro-de-la-ciudad-del-nino/
411,Gabriel Vargas,otro,autoridades,otro,Peñalolén,otro,https://www.emol.com/noticias/Nacional/2016/10/14/826365/Estas-son-las-estructuras-criticas-de-Santiago-en-caso-de-un-terremoto-en-la-falla-de-San-Ramon.html
413,Junta de Vecinos N° 12,junta_vecinos,Inmobiliaria Mirador del Cerro,inmobiliaria,Providencia,ambiental,https://elsoberano.org/derechos-sociales/vecinos-de-pedro-de-valdivia-norte-se-movilizan-para-prevenir-desastre-urbanistico-por-megaproyecto-inmobiliario/
416,Sociedad Inmobiliaria e Inversiones Ramaq Ltda. e Inmobiliaria e Inversiones Alameda Ltda.,otro,la Contraloría y diversas autoridades,otro,Estación Central,irregularidad_administrativa,https://www.df.cl/empresas/infraestructura-inmobiliaria/guetos-verticales-estacion-central-acelera-propuesta-final-de-cambios
427,Tomás Vodanovic,concejal_politico,inmobiliaria Icalma,inmobiliaria,Maipú,densidad_altura,https://www.df.cl/empresas/construccion/alcalde-de-maipu-congela-permisos-de-nuevas-construcciones-para-evitar
433,vecinos de Vitacura y Lo Barnechea,colectivo_vecinal,Altoriente,inmobiliaria,Lo Barnechea,vial_transito,https://www.latercera.com/pulso/constructora-ebco-modifica-polemico-proyecto-cerro-alvarado-viabilizar-obras/
437,varias inmobiliarias,otro,Contraloría General de la República,otro,Estación Central,irregularidad_administrativa,https://interferencia.cl/casos/guetos-verticales
438,Inmobiliaria Fundamenta,otro,Servicio de Evaluación Ambiental (SEA) y Comisión de Evaluación de la Región Metropolitana de Santiago (Coeva RM),otro,Ñuñoa,ambiental,https://www.latercera.com/pulso/noticia/fundamenta-presenta-reclamacion-por-rechazo-a-proyecto-inmobiliario-en-nunoa-y-denuncia-motivos-politicos/TORJ7OV77VFHRNOJKTSCSK3N7A/
446,Municipalidad de Las Condes / Joaquín Lavín,otro,Municipalidad de Vitacura,municipio,Vitacura,impugnacion_plan_regulador,https://www.emol.com/noticias/Nacional/2017/05/05/857119/De-hasta-70-m2-y-dos-banos-Asi-son-los-departamentos-sociales-que-Lavin-pretende-construir-en-terreno-en-Vitacura.html
450,Una agrupación de vecinos de Las Condes,colectivo_vecinal,la Municipalidad de Las Condes,municipio,Las Condes,densidad_altura,https://www.elperiodista.cl/2020/09/vecinos-de-las-condes-piden-desechar-proyecto-inmobiliario-de-lavin/
456,Fundación Defendamos la Ciudad,otro,Ministerio de Vivienda (Minvu),minvu_gobierno,Las Condes,irregularidad_administrativa,https://www.ciperchile.cl/2014/02/24/el-asesor-del-minvu-que-instalo-%E2%80%9Cleyes-de-amarre%E2%80%9D-que-favorecen-negocios-inmobiliarios/
457,los cuatro vecinos,ciudadano_individual,Director de Obras Municipales,municipio,Ñuñoa,densidad_altura,https://radio.uchile.cl/2018/01/11/vecinos-de-nunoa-las-inmobiliarias-son-un-adversario-dispuesto-a-demorar-y-desgastar/
467,Municipalidad de Vitacura,otro,Cencosud Shopping,inmobiliaria,Vitacura,otro,https://www.df.cl/empresas/retail/cencosud-lanza-proyecto-de-nuevo-centro-comercial-en-vitacura-y-espera
473,Municipalidad de Quilicura y vecinos de esa comuna,otro,Servicio de Evaluación Ambiental,minvu_gobierno,Quilicura,ambiental,https://tribunalambiental.cl/audiencia-vecinos-municipalidad-sea-proyecto-quilicura
478,un vecino reclamante,ciudadano_individual,Municipalidad de Providencia,municipio,Providencia,densidad_altura,https://www.ciperchile.cl/2018/06/06/se-atrevera-la-alcaldesa-evelyn-matthei-a-cumplir-la-ley/
480,vecinos del denominado Barrio de las Flores,colectivo_vecinal,municipio de Providencia,municipio,Providencia,densidad_altura,https://www.biobiochile.cl/noticias/2012/10/20/vecinos-de-providencia-se-manifiestan-en-rechazo-a-proyectos-inmobiliarios-de-altura-en-el-sector.shtml
485,Las Condes,otro,Vitacura,municipio,Vitacura,integracion_social_ds19,https://www.infraestructurapublica.cl/fin-del-conflicto-las-condes-recibira-dinero-para-viviendas-sociales-y-vitacura-tendra-parque/
488,grupo de vecinos de Peñalolén,colectivo_vecinal,Comisión de Evaluación Ambiental Metropolitana,otro,Peñalolén,ambiental,https://tribunalambiental.cl/audiencia-r-212-2019-crillon-sea-proyecto-inmobiliario/
489,"Municipalidad de Quilicura, representada por la alcaldesa Paulina Bobadilla",otro,Comisión de Evaluación del Servicio de Evaluación Ambiental (SEA),otro,Quilicura,ambiental,https://www.cooperativa.cl/noticias/pais/ciudades/santiago/sea-aprobo-construccion-de-megaproyecto-en-quilicura-municipio/2023-02-22/100606.html
490,Constructora e Inmobiliaria Presidente Riesco S.A.,otro,Ministerio de Educación,otro,Las Condes,patrimonio,https://www.cde.gob.cl/corte-suprema-rechazo-recurso-de-proteccion-interpuesto-por-inmobiliaria-que-buscaba-declarar-ilegal-el-caracter-de-monumento-historico-de-la-villa-san-luis/
500,Juan José Tocornal y otros,colectivo_vecinal,Municipalidad de Vitacura,municipio,Vitacura,irregularidad_administrativa,https://www.elmercurio.com/legal/movil/detalle.aspx?Id=903199&Path=/0D/C8/
502,Contraloría General de la República,otro,Municipalidad de Estación Central,municipio,Estación Central,irregularidad_administrativa,https://www.infraestructurapublica.cl/lucha-gigantes-conflicto-contraloria-e-inmobiliarias-camino-avanzar-hacia-una-ciudad-mas-equilibrada/
506,los vecinos,colectivo_vecinal,Municipalidad de Ñuñoa,municipio,Ñuñoa,irregularidad_administrativa,https://www.df.cl/empresas/construccion/se-disparan-proyectos-de-edificios-en-eje-irarrazaval-ante-eventual
508,Claudio Orrego,otro,Su Ksa,inmobiliaria,Estación Central,densidad_altura,https://www.theclinic.cl/2017/04/13/este-hombre-construye-los-guetos-verticales-estacion-central/
510,Junta de Vecinos del condominio Santuario del Valle,junta_vecinos,Inversiones y Comercial San Nicolás Limitada,inmobiliaria,Lo Barnechea,otro,https://www.latercera.com/la-tercera-pm/noticia/se-cae-negocio-de-ministro-valente-en-la-dehesa-direccion-de-obras-de-lo-barnechea-rechaza-proyecto-de-venta-de-canchas-de-tenis/569991/
513,Fundación Defendamos La Ciudad,ong_patrimonial,Unión Española SADP,otro,Independencia,irregularidad_administrativa,https://www.diarioestrategia.cl/texto-diario/mostrar/1038791/independencia-inicia-proceso-invalidar-permiso-construccion-proyecto-inmobiliario-terrenos-estadio-santa-laura
526,Municipalidad de Lo Barnechea,otro,Superintendencia del Medio Ambiente (SMA),otro,Lo Barnechea,ambiental,https://tribunalambiental.cl/sentencia-r-373-2022-loteo-54-casas-barnechea-sma/
533,vecinos y agrupaciones vecinales de Ñuñoa,colectivo_vecinal,Servicio de Evaluación Ambiental (SEA),otro,Ñuñoa,ambiental,https://www.df.cl/empresas/construccion/segundo-tribunal-ambiental-anulo-parcialmente-aprobacion-ambiental-del
537,Defendamos la Ciudad,ong_patrimonial,Cencosud,inmobiliaria,Vitacura,irregularidad_administrativa,https://www.defendamoslaciudad.cl/noticias/item/4749-contraloria-acogio-presentacion-de-defendamos-la-ciudad-estableciendo-la-caducidad-de-antiguos-permisos-de-edificacion
541,Cencosud Shopping Centers S.A.,otro,Municipalidad de Vitacura,municipio,Vitacura,irregularidad_administrativa,https://radio.uchile.cl/2022/04/28/cencosud-via-artimanas-intenta-sobrepasar-la-ley-en-vitacura/
547,la inmobiliaria del mismo nombre,otro,Servicio de Evaluación Ambiental (SEA),otro,Estación Central,ambiental,https://www.latercera.com/pulso/noticia/corte-suprema-falla-megaproyecto-inmobiliario-estacion-central-afectar-medio-humano/933550/
549,distintas inmobiliarias y revisores independientes,otro,Contraloría,otro,Estación Central,irregularidad_administrativa,https://www.emol.com/noticias/Nacional/2020/03/10/979333/Corte-rechaza-recursos-edificios-estacion.html
552,Fundación Defendamos la Ciudad,otro,Municipalidad de Pudahuel,municipio,Pudahuel,irregularidad_administrativa,https://www.diarioestrategia.cl/texto-diario/mostrar/1371111/fundacion-defendamos-ciudad-informe-contraloria-deja-evidencia-desorden-absoluto-direccion-obras-municipalidad-pudahuel
555,Asociación Nacional de Magistrados del Poder Judicial,otro,Consejo Superior de la Corporación Administrativa del Poder Judicial,otro,Vitacura,irregularidad_administrativa,https://interferencia.cl/articulos/supremo-j-e-fuentes-belmar-modifico-reglamento-que-hoy-permite-su-hijo-vivir-en
563,grupo de vecinos de San Miguel,colectivo_vecinal,Dirección Ejecutiva del SEA,otro,San Miguel,ambiental,https://tribunalambiental.cl/sentencia-r-463-2024-proyecto-inmobiliario-en-san-miguel
565,Miguel Lawner Steiman,ciudadano_individual,las inmobiliarias,inmobiliaria,Estación Central,densidad_altura,https://www.latercera.com/culto/2019/04/09/miguel-lawner-premio-2019/
566,Vecinos de La Reina,colectivo_vecinal,Consejo Municipal,municipio,La Reina,densidad_altura,https://www.t13.cl/videos/nacional/vecinos-reina-decidieron-reducir-altura-edificios
568,vecinos del sector,colectivo_vecinal,Minvu,minvu_gobierno,Las Condes,densidad_altura,https://www.pauta.cl/actualidad/2026/04/14/gobierno-impulsa-plan-de-viviendas-sociales-en-el-sector-oriente-con-proyectos-en-las-condes-la-reina-y-la-dehesa.html
569,Servicio de Vivienda y Urbanismo (Serviu RM),otro,Municipalidad de Las Condes y Federación de Tenis de Chile,municipio,Las Condes,irregularidad_administrativa,https://www.ex-ante.cl/nacional/el-proyecto-de-viviendas-sociales-anunciado-por-poduje-cerca-del-parque-arauco-y-la-disputa-legal-por-el-pano/
574,agrupaciones de vecinos de la comuna,colectivo_vecinal,municipalidad de Estación Central,municipio,Estación Central,irregularidad_administrativa,https://www.latercera.com/pulso-pm/noticia/triunfan-los-vecinos-suprema-confirma-que-hay-que-reanudar-procesos-de-invalidacion-de-permisos-en-edificios-de-estacion-central/A4TGDA5JE5FEBA33T2GL6W3YMA/
577,Coordinadora Recuperemos San Miguel,colectivo_vecinal,Inmobiliaria y Constructora de la Base III S.A.,inmobiliaria,San Miguel,ambiental,https://olca.cl/articulo/nota.php?id=109635
578,ciudadanía reclamante,otro,Servicio de Evaluación Ambiental (SEA),otro,San Miguel,ambiental,https://www.ex-ante.cl/economia/paralizacion-de-proyecto-inmobiliario-golpea-con-131-despidos-y-325-millones-en-costos/
609,Junta de Vecinos La Portada,junta_vecinos,Servicio de Evaluación Ambiental (SEA),otro,Ñuñoa,ambiental,https://eldesconcierto.cl/2020/02/11/vecinos-de-nunoa-en-pie-de-guerra-contra-proyecto-inmobiliario-de-alvaro-saieh
611,Asociación de Vecinos y Locatarios de Alonso de Córdova,colectivo_vecinal,concejo municipal de Vitacura,municipio,Vitacura,irregularidad_administrativa,https://www.latercera.com/la-tercera-pm/noticia/batalla-por-cuestionado-proyecto-zoccalo-de-vitacura-llega-a-la-contraloria-por-presuntas-ilegalidades/ZIJVQ7CPIRHSTDZAN5MMA4IMJQ/
612,Inmobiliaria Fundamenta,otro,Comisión de Evaluación de la Región Metropolitana,otro,Ñuñoa,irregularidad_administrativa,https://es.linkedin.com/posts/rodrigosilvasanmiguel_inmobiliaria-fundamenta-detalla-perjuicios-activity-7237803303206596610-Dsw5
614,Fundación Villa San Luis,ong_patrimonial,Consejo Nacional de Monumentos,consejo_monumentos_nacionales,Las Condes,patrimonio,https://www.latercera.com/nacional/noticia/patrimonio-ruinas-la-villa-san-luis-las-condes-se-niega-morir/808323/
616,Cencosud Shopping S.A.,otro,Municipalidad de Vitacura,municipio,Vitacura,irregularidad_administrativa,https://www.biobiochile.cl/noticias/opinion/tu-voz/2023/04/10/cencosud-de-paulmann-dice-que-en-pedir-no-hay-engano.shtml
620,Banco Consorcio,otro,Inmobiliaria y Constructora Francisco de Riveros SpA,inmobiliaria,Vitacura,otro,https://www.latercera.com/pulso/noticia/inmobiliaria-y-constructora-francisco-de-riveros-va-a-la-quiebra-tras-rechazo-de-banco-consorcio-a-su-reorganizacion/
624,los propietarios de terrenos que se sintieron perjudicados,otro,Municipalidad de Lo Barnechea,municipio,Lo Barnechea,impugnacion_plan_regulador,https://www.ciperchile.cl/2019/01/31/el-mega-negocio-inmobiliario-que-enfrenta-a-los-duenos-de-la-nieve/
629,Inmobiliaria Nueva El Golf SpA,otro,Municipalidad de Las Condes,municipio,Las Condes,irregularidad_administrativa,https://www.lanacion.cl/alcaldesa-san-martin-apunta-a-joaquin-lavin-tras-pagar-deuda-por-us-10-millones/
633,un vecino de la Comunidad Ecológica de Peñalolén,ciudadano_individual,la constructora a cargo de su ejecución,inmobiliaria,Peñalolén,otro,https://arhabogados.com/corte-suprema-confirma-fallo-que-rechazo-recurso-de-proteccion-interpuesto-en-contra-de-la-ejecucion-del-proyecto-antupiren-10-001/
638,Cencosud Shopping,otro,Municipalidad de Vitacura,municipio,Vitacura,irregularidad_administrativa,https://www.df.cl/empresas/construccion/alto-las-condes-2-van-casi-dos-anos-y-vitacura-aun-no-define-si-permiso
645,vecinos de Plaza Egaña,colectivo_vecinal,Servicio de Evaluación Ambiental (SEA),otro,Ñuñoa,ambiental,https://www.pauta.cl/ciudad/2023/01/20/reactivacion-de-megaproyecto-de-fundamenta-en-plaza-egana-controversia.html
649,Defendamos la Ciudad,ong_patrimonial,Municipalidad de Las Condes,municipio,Las Condes,densidad_altura,https://eldesconcierto.cl/2025/07/15/otra-irregularidad-en-las-condes-un-edificio-de-22-pisos-en-una-zona-que-permite-una-altura-de-6
657,Inmobiliaria Nueva El Golf SpA,otro,Municipalidad de Las Condes,municipio,Las Condes,irregularidad_administrativa,https://www.latercera.com/nacional/noticia/alcaldesa-san-martin-apunta-a-joaquin-lavin-tras-saldar-deuda-por-us-10-millones-con-inmobiliaria-nueva-el-golf/
660,Felipe Muñoz,concejal_politico,Ministerio de Vivienda y Urbanismo,minvu_gobierno,Estación Central,densidad_altura,https://www.theclinic.cl/2026/08/21/el-polemico-decreto-del-minvu-que-podria-triplicar-los-departamentos-por-edificio-y-que-revive-el-fantasma-de-los-gueto-verticales/
661,vecinos de calle Alonso de Córdoba,colectivo_vecinal,Su Ksa,inmobiliaria,Vitacura,irregularidad_administrativa,https://interferencia.cl/articulos/el-intenso-lobby-del-cunado-de-torrealba-por-su-ksa-una-de-las-inmobiliarias-del-proyecto
663,grupo de vecinos,colectivo_vecinal,Municipalidad de Ñuñoa,municipio,Ñuñoa,impugnacion_plan_regulador,https://interferencia.cl/articulos/altura-de-edificios-en-nunoa-vecinos-logran-fallo-que-demuestra-vicios-en-la
668,Defendamos la Ciudad,ong_patrimonial,Desarrollos La Dehesa SpA,inmobiliaria,Lo Barnechea,ambiental,https://interferencia.cl/articulos/proyecto-ecologico-de-inmobiliaria-ebco-sigue-actividad-comercial-pese-no-tener-resolucion
671,los pobladores de la Villa San Luis,colectivo_vecinal,Joaquin Lavín,municipio,Las Condes,patrimonio,https://fcei.uchile.cl/noticias/145678/periodistas-icei-lanzan-libro-sobre-conflicto-por-viviendas-sociales
677,Fundación Defendamos la Ciudad,otro,DOM de Estación Central,municipio,Estación Central,irregularidad_administrativa,https://www.lemondediplomatique.cl/guetos-verticales-en-estacion-central-violaron-normas-del-plan-regulador-de.html
678,Junta de vecinos de Lo Curro,junta_vecinos,Dirección de Obras de Vitacura,municipio,Vitacura,vial_transito,https://segreader.emol.cl/2018/01/30/A/FU3AMV6C/light?gt=162252
679,Fundación Defendamos la Ciudad,ong_patrimonial,DOM de Las Condes,municipio,Las Condes,irregularidad_administrativa,https://opinion.cooperativa.cl/opinion/politica/a-proposito-de-las-condes-con-una-contraloria-fortalecida-se-puede/2025-10-09/102832.html
682,"Emilia Ríos, alcaldesa de Ñuñoa",otro,Fundamenta,inmobiliaria,Ñuñoa,ambiental,https://www.ex-ante.cl/politica/la-tematica-urbana-en-las-elecciones-municipales-2024-de-la-rm-primera-parte-por-jonathan-orrego/
683,Coordinadora No al Mall Vivo,colectivo_vecinal,Vivo Corp.,inmobiliaria,Ñuñoa,ambiental,https://revistaentorno.cl/no-al-mall-vivo/
686,Comité de Defensa de la Villa San Luis,colectivo_vecinal,Inmobiliaria Lote 18,inmobiliaria,Las Condes,patrimonio,https://www.latercera.com/noticia/villa-san-luis-mas-que-viviendas-sociales-un-monumento-nacional/
687,Inmobiliaria Nueva El Golf,otro,Municipalidad de Las Condes,municipio,Las Condes,irregularidad_administrativa,https://www.latercera.com/la-tercera-pm/noticia/batacazo-de-inmobiliaria-nueva-el-golf-municipio-de-las-condes-debera-pagar-casi-10-mil-millones-tras-error-en-apelacion-ante-la-corte/TGGDFUBKBJGMJK2VG22XBIV6KU/
701,"Inmobiliaria Valle La Dehesa, Inversiones Hacienda Abranquil e Inmobiliaria Las Hojas Dos",otro,Municipalidad de Lo Barnechea,municipio,Lo Barnechea,impugnacion_plan_regulador,https://www.latercera.com/pulso/noticia/conflicto-inmobiliario-en-lo-barnechea-municipio-rechaza-criticas-a-nuevo-plan-regulador-de-algunas-firmas-del-sector/
712,grupo de vecinos de Vitacura,colectivo_vecinal,Comisión de Evaluación Ambiental de la Región Metropolitana,otro,Vitacura,ambiental,https://www.latercera.com/pulso-pm/noticia/autoridad-ambiental-recomienda-rechazar-megaproyecto-inmobiliario-en-vitacura-por-no-ajustar-iniciativa-a-riesgo-sismico-de-falla-de-san-ramon/G3CCWTD5FREP7KTGQIWSVSNNJU/
727,"Tomás Vodanovic, alcalde de Maipú",concejal_politico,Inmobiliaria ICalma,inmobiliaria,Maipú,densidad_altura,https://www.pauta.cl/ciudad/2023/05/26/proyecto-pajaritos-la-polemica-por-tres-torres-que-podrian-construirse.html
729,Cencosud Shopping,otro,Municipalidad de Vitacura,municipio,Vitacura,impugnacion_plan_regulador,https://www.theclinic.cl/2023/05/16/conflicto-cencosud-municipalidad-vitacura-mall-alto-las-condes-2/
743,Inmobiliaria y Comercial Quilicura Limitada,otro,Ilustre Municipalidad de Quilicura,municipio,Quilicura,impugnacion_plan_regulador,https://vlex.cl/vid/797689517
744,los propietarios del inmueble,otro,Seremi de Vivienda Metropolitana,minvu_gobierno,Vitacura,patrimonio,https://www.t13.cl/noticia/ex-ante/nacional/contraloria-deja-cuesta-arriba-proyecto-condominio-lujo-casa-mas-cara-santiago-10-1-2026
747,"Marta Lagos, Bernardo de la Maza o Cristina Bitar",ciudadano_individual,Inmobiliaria L&L Ltda,inmobiliaria,Vitacura,ambiental,https://www.emol.com/noticias/Economia/2023/08/21/1104744/grupo-pg-portezuelo-vitacura.html
750,Fundación Defendamos la Ciudad,ong_patrimonial,Municipalidad de Providencia,municipio,Providencia,irregularidad_administrativa,https://opinion.cooperativa.cl/opinion/medio-ambiente/costanera-center-el-poder-economico-manda/2014-05-17/115937.html
753,Senadores Rincón y Espinoza,otro,grupo inmobiliario,inmobiliaria,Estación Central,irregularidad_administrativa,https://x.com/ciper/status/1936406966739648809
754,Municipalidad de Maipú,otro,Comisión de Evaluación Ambiental de la Región Metropolitana de Santiago,otro,Maipú,ambiental,https://tribunalambiental.cl/sentencia-r-404-2023-municipalidad-maipu-sea-edificio-pajaritos
755,Cencosud,otro,Seremi Metropolitana del Ministerio de Vivienda,minvu_gobierno,Vitacura,irregularidad_administrativa,https://www.emol.com/noticias/Economia/2017/07/17/867189/Alto-Las-Condes-II-la-construccion-que-tiene-enfrentados-a-Paulmann-y-al-alcalde-de-Vitacura.html
763,Contraloría General de la República,otro,inmobiliarias,inmobiliaria,Estación Central,irregularidad_administrativa,https://arquitectura.uc.cl/proyectos/noticias/3531-estacion-central-ya-notifico-a-inmobiliarias-de-procesos-para-invalidar-49-permisos-de-obra.html
764,junta de vecinos de Los Trapenses,junta_vecinos,Municipalidad de Vitacura,municipio,Vitacura,vial_transito,https://www.latercera.com/nacional/noticia/vecinos-del-cerro-alvarado-exigen-obras-mitigar-caos-vial/138676/
766,grupo de vecinos de San Miguel,colectivo_vecinal,inmobiliaria Delabase,inmobiliaria,San Miguel,ambiental,https://www.theclinic.cl/2025/09/22/inmobiliaria-delabase-acusa-graves-perjuicios-tras-anulacion-de-proyecto-de-us42-millones-en-san-miguel-y-arremete-contra-ministros-de-tribunal-ambiental/
773,Junta de Vecinos Lomas del Carmen y Junta de Vecinos Santa Rosa de Huechuraba III,junta_vecinos,Servicio de Evaluación Ambiental (SEA),otro,Huechuraba,densidad_altura,https://tribunalambiental.cl/audiencia-r-263-2020-carmen-oriente-huechuraba/
776,Fundamenta,otro,Comisión de Evaluación Ambiental de la Región Metropolitana,minvu_gobierno,Ñuñoa,ambiental,https://segreader.emol.cl/2022/04/21/A/GN449AUI/light?gt=173001
780,Municipalidad de Vitacura,otro,Cencosud (CencoMalls),inmobiliaria,Vitacura,vial_transito,https://vitacura.cl/noticias/comunicado-respecto-al-proceso-de-invalidacion-del-imiv-del-proyecto-cencomalls/
782,Claudio Orrego,otro,Su Ksa,inmobiliaria,Estación Central,densidad_altura,https://www.latercera.com/paula/una-semana-viviendo-gueto-vertical/
