$CLIMA$hot_days$annual$future$ssp245,$CLIMA$hot_days$annual$present,ComCod,NOM_COMUNA,_source_sha256
76.9443,28.6255,1401.0,POZO ALMONTE,f1e8b480f7c178f769dfd0c3c26badbb956c5d5ec697d9c970434f1a5dddec98
0.0,0.0,1403.0,COLCHANE,f1e8b480f7c178f769dfd0c3c26badbb956c5d5ec697d9c970434f1a5dddec98
4.3268,0.2853,1402.0,CAMIÑA,f1e8b480f7c178f769dfd0c3c26badbb956c5d5ec697d9c970434f1a5dddec98
13.4353,1.6195,1404.0,HUARA,f1e8b480f7c178f769dfd0c3c26badbb956c5d5ec697d9c970434f1a5dddec98
0.0053,0.0,1107.0,ALTO HOSPICIO,f1e8b480f7c178f769dfd0c3c26badbb956c5d5ec697d9c970434f1a5dddec98
0.0045,0.0,1101.0,IQUIQUE,f1e8b480f7c178f769dfd0c3c26badbb956c5d5ec697d9c970434f1a5dddec98
17.1287,6.3174,1405.0,PICA,f1e8b480f7c178f769dfd0c3c26badbb956c5d5ec697d9c970434f1a5dddec98
3.5321,0.3397,2104.0,TALTAL,f1e8b480f7c178f769dfd0c3c26badbb956c5d5ec697d9c970434f1a5dddec98
17.4352,3.3008,2101.0,ANTOFAGASTA,f1e8b480f7c178f769dfd0c3c26badbb956c5d5ec697d9c970434f1a5dddec98
0.7722,0.0466,2201.0,CALAMA,f1e8b480f7c178f769dfd0c3c26badbb956c5d5ec697d9c970434f1a5dddec98
0.0,0.0,2202.0,OLLAGÜE,f1e8b480f7c178f769dfd0c3c26badbb956c5d5ec697d9c970434f1a5dddec98
22.7048,6.9304,2203.0,SAN PEDRO DE ATACAMA,f1e8b480f7c178f769dfd0c3c26badbb956c5d5ec697d9c970434f1a5dddec98
0.0915,0.0037,2102.0,MEJILLONES,f1e8b480f7c178f769dfd0c3c26badbb956c5d5ec697d9c970434f1a5dddec98
47.889,13.521,2103.0,SIERRA GORDA,f1e8b480f7c178f769dfd0c3c26badbb956c5d5ec697d9c970434f1a5dddec98
140.3645,77.0626,2302.0,MARÍA ELENA,f1e8b480f7c178f769dfd0c3c26badbb956c5d5ec697d9c970434f1a5dddec98
0.865,0.0535,2301.0,TOCOPILLA,f1e8b480f7c178f769dfd0c3c26badbb956c5d5ec697d9c970434f1a5dddec98
3.1169,0.4494,3101.0,COPIAPÓ,f1e8b480f7c178f769dfd0c3c26badbb956c5d5ec697d9c970434f1a5dddec98
0.0465,0.001,3102.0,CALDERA,f1e8b480f7c178f769dfd0c3c26badbb956c5d5ec697d9c970434f1a5dddec98
4.3611,1.8364,3103.0,TIERRA AMARILLA,f1e8b480f7c178f769dfd0c3c26badbb956c5d5ec697d9c970434f1a5dddec98
4.3035,0.2382,3201.0,CHAÑARAL,f1e8b480f7c178f769dfd0c3c26badbb956c5d5ec697d9c970434f1a5dddec98
4.1687,0.5006,3202.0,DIEGO DE ALMAGRO,f1e8b480f7c178f769dfd0c3c26badbb956c5d5ec697d9c970434f1a5dddec98
2.846,0.3697,3301.0,VALLENAR,f1e8b480f7c178f769dfd0c3c26badbb956c5d5ec697d9c970434f1a5dddec98
6.7848,2.957,3302.0,ALTO DEL CARMEN,f1e8b480f7c178f769dfd0c3c26badbb956c5d5ec697d9c970434f1a5dddec98
0.4869,0.0954,3303.0,FREIRINA,f1e8b480f7c178f769dfd0c3c26badbb956c5d5ec697d9c970434f1a5dddec98
1.1262,0.1482,3304.0,HUASCO,f1e8b480f7c178f769dfd0c3c26badbb956c5d5ec697d9c970434f1a5dddec98
0.2247,0.0541,4101.0,LA SERENA,f1e8b480f7c178f769dfd0c3c26badbb956c5d5ec697d9c970434f1a5dddec98
2.3971,0.425,4102.0,COQUIMBO,f1e8b480f7c178f769dfd0c3c26badbb956c5d5ec697d9c970434f1a5dddec98
1.1398,0.2194,4103.0,ANDACOLLO,f1e8b480f7c178f769dfd0c3c26badbb956c5d5ec697d9c970434f1a5dddec98
0.1836,0.0298,4104.0,LA HIGUERA,f1e8b480f7c178f769dfd0c3c26badbb956c5d5ec697d9c970434f1a5dddec98
2.8363,1.0617,4105.0,PAIGUANO,f1e8b480f7c178f769dfd0c3c26badbb956c5d5ec697d9c970434f1a5dddec98
4.9277,1.8089,4106.0,VICUÑA,f1e8b480f7c178f769dfd0c3c26badbb956c5d5ec697d9c970434f1a5dddec98
5.59,1.0653,4201.0,ILLAPEL,f1e8b480f7c178f769dfd0c3c26badbb956c5d5ec697d9c970434f1a5dddec98
0.2248,0.0304,4202.0,CANELA,f1e8b480f7c178f769dfd0c3c26badbb956c5d5ec697d9c970434f1a5dddec98
0.2966,0.0313,4203.0,LOS VILOS,f1e8b480f7c178f769dfd0c3c26badbb956c5d5ec697d9c970434f1a5dddec98
9.5907,2.9996,4204.0,SALAMANCA,f1e8b480f7c178f769dfd0c3c26badbb956c5d5ec697d9c970434f1a5dddec98
7.9804,1.5438,4301.0,OVALLE,f1e8b480f7c178f769dfd0c3c26badbb956c5d5ec697d9c970434f1a5dddec98
21.405,8.0681,4302.0,COMBARBALÁ,f1e8b480f7c178f769dfd0c3c26badbb956c5d5ec697d9c970434f1a5dddec98
14.1049,4.1383,4303.0,MONTE PATRIA,f1e8b480f7c178f769dfd0c3c26badbb956c5d5ec697d9c970434f1a5dddec98
5.276,1.0252,4304.0,PUNITAQUI,f1e8b480f7c178f769dfd0c3c26badbb956c5d5ec697d9c970434f1a5dddec98
4.7994,0.8064,4305.0,RÍO HURTADO,f1e8b480f7c178f769dfd0c3c26badbb956c5d5ec697d9c970434f1a5dddec98
0.0955,0.0152,5101.0,VALPARAÍSO,f1e8b480f7c178f769dfd0c3c26badbb956c5d5ec697d9c970434f1a5dddec98
2.6873,0.6096,5102.0,CASABLANCA,f1e8b480f7c178f769dfd0c3c26badbb956c5d5ec697d9c970434f1a5dddec98
1.3056,0.2222,5103.0,CONCÓN,f1e8b480f7c178f769dfd0c3c26badbb956c5d5ec697d9c970434f1a5dddec98
0.0,0.0,5104.0,JUAN FERNÁNDEZ,f1e8b480f7c178f769dfd0c3c26badbb956c5d5ec697d9c970434f1a5dddec98
0.8597,0.1431,5105.0,PUCHUNCAVÍ,f1e8b480f7c178f769dfd0c3c26badbb956c5d5ec697d9c970434f1a5dddec98
0.5611,0.1111,5107.0,QUINTERO,f1e8b480f7c178f769dfd0c3c26badbb956c5d5ec697d9c970434f1a5dddec98
0.66,0.1033,5109.0,VIÑA DEL MAR,f1e8b480f7c178f769dfd0c3c26badbb956c5d5ec697d9c970434f1a5dddec98
0.0,0.15,5201.0,ISLA DE PASCUA,f1e8b480f7c178f769dfd0c3c26badbb956c5d5ec697d9c970434f1a5dddec98
5.0202,1.9592,5301.0,LOS ANDES,f1e8b480f7c178f769dfd0c3c26badbb956c5d5ec697d9c970434f1a5dddec98
26.1515,11.503,5302.0,CALLE LARGA,f1e8b480f7c178f769dfd0c3c26badbb956c5d5ec697d9c970434f1a5dddec98
53.9472,21.2222,5303.0,RINCONADA,f1e8b480f7c178f769dfd0c3c26badbb956c5d5ec697d9c970434f1a5dddec98
9.1058,4.3135,5304.0,SAN ESTEBAN,f1e8b480f7c178f769dfd0c3c26badbb956c5d5ec697d9c970434f1a5dddec98
0.6404,0.1067,5401.0,LA LIGUA,f1e8b480f7c178f769dfd0c3c26badbb956c5d5ec697d9c970434f1a5dddec98
6.1303,1.2694,5402.0,CABILDO,f1e8b480f7c178f769dfd0c3c26badbb956c5d5ec697d9c970434f1a5dddec98
0.3792,0.0625,5403.0,PAPUDO,f1e8b480f7c178f769dfd0c3c26badbb956c5d5ec697d9c970434f1a5dddec98
4.029,0.8362,5404.0,PETORCA,f1e8b480f7c178f769dfd0c3c26badbb956c5d5ec697d9c970434f1a5dddec98
0.9417,0.1528,5405.0,ZAPALLAR,f1e8b480f7c178f769dfd0c3c26badbb956c5d5ec697d9c970434f1a5dddec98
17.9778,4.5278,5501.0,QUILLOTA,f1e8b480f7c178f769dfd0c3c26badbb956c5d5ec697d9c970434f1a5dddec98
15.4111,3.5778,5502.0,CALERA,f1e8b480f7c178f769dfd0c3c26badbb956c5d5ec697d9c970434f1a5dddec98
17.4533,4.8983,5503.0,HIJUELAS,f1e8b480f7c178f769dfd0c3c26badbb956c5d5ec697d9c970434f1a5dddec98
9.0278,2.1667,5504.0,LA CRUZ,f1e8b480f7c178f769dfd0c3c26badbb956c5d5ec697d9c970434f1a5dddec98
3.55,0.7135,5506.0,NOGALES,f1e8b480f7c178f769dfd0c3c26badbb956c5d5ec697d9c970434f1a5dddec98
12.3128,4.2949,5601.0,SAN ANTONIO,f1e8b480f7c178f769dfd0c3c26badbb956c5d5ec697d9c970434f1a5dddec98
0.05,0.0048,5602.0,ALGARROBO,f1e8b480f7c178f769dfd0c3c26badbb956c5d5ec697d9c970434f1a5dddec98
3.1,0.7208,5603.0,CARTAGENA,f1e8b480f7c178f769dfd0c3c26badbb956c5d5ec697d9c970434f1a5dddec98
0.0167,0.0,5604.0,EL QUISCO,f1e8b480f7c178f769dfd0c3c26badbb956c5d5ec697d9c970434f1a5dddec98
0.1167,0.0167,5605.0,EL TABO,f1e8b480f7c178f769dfd0c3c26badbb956c5d5ec697d9c970434f1a5dddec98
7.3471,1.9203,5606.0,SANTO DOMINGO,f1e8b480f7c178f769dfd0c3c26badbb956c5d5ec697d9c970434f1a5dddec98
69.3738,33.9286,5701.0,SAN FELIPE,f1e8b480f7c178f769dfd0c3c26badbb956c5d5ec697d9c970434f1a5dddec98
16.9289,5.1111,5702.0,CATEMU,f1e8b480f7c178f769dfd0c3c26badbb956c5d5ec697d9c970434f1a5dddec98
43.4393,17.125,5703.0,LLAILLAY,f1e8b480f7c178f769dfd0c3c26badbb956c5d5ec697d9c970434f1a5dddec98
55.6639,21.85,5704.0,PANQUEHUE,f1e8b480f7c178f769dfd0c3c26badbb956c5d5ec697d9c970434f1a5dddec98
5.5404,1.9968,5705.0,PUTAENDO,f1e8b480f7c178f769dfd0c3c26badbb956c5d5ec697d9c970434f1a5dddec98
54.5881,27.6548,5706.0,SANTA MARÍA,f1e8b480f7c178f769dfd0c3c26badbb956c5d5ec697d9c970434f1a5dddec98
5.992,1.3688,5801.0,QUILPUÉ,f1e8b480f7c178f769dfd0c3c26badbb956c5d5ec697d9c970434f1a5dddec98
26.9385,9.4641,5802.0,LIMACHE,f1e8b480f7c178f769dfd0c3c26badbb956c5d5ec697d9c970434f1a5dddec98
18.7417,6.415,5803.0,OLMUÉ,f1e8b480f7c178f769dfd0c3c26badbb956c5d5ec697d9c970434f1a5dddec98
13.8667,3.3833,5804.0,VILLA ALEMANA,f1e8b480f7c178f769dfd0c3c26badbb956c5d5ec697d9c970434f1a5dddec98
61.2951,30.1863,6310.0,SANTA CRUZ,f1e8b480f7c178f769dfd0c3c26badbb956c5d5ec697d9c970434f1a5dddec98
66.7896,33.9958,6306.0,PALMILLA,f1e8b480f7c178f769dfd0c3c26badbb956c5d5ec697d9c970434f1a5dddec98
69.4149,35.4702,6302.0,CHÉPICA,f1e8b480f7c178f769dfd0c3c26badbb956c5d5ec697d9c970434f1a5dddec98
97.21,60.47,6103.0,COINCO,f1e8b480f7c178f769dfd0c3c26badbb956c5d5ec697d9c970434f1a5dddec98
46.5083,23.2067,6104.0,COLTAUCO,f1e8b480f7c178f769dfd0c3c26badbb956c5d5ec697d9c970434f1a5dddec98
74.4981,41.2176,6117.0,SAN VICENTE,f1e8b480f7c178f769dfd0c3c26badbb956c5d5ec697d9c970434f1a5dddec98
72.6278,37.5944,6105.0,DOÑIHUE,f1e8b480f7c178f769dfd0c3c26badbb956c5d5ec697d9c970434f1a5dddec98
100.8417,64.2417,6111.0,OLIVAR,f1e8b480f7c178f769dfd0c3c26badbb956c5d5ec697d9c970434f1a5dddec98
42.2531,23.2432,6116.0,REQUÍNOA,f1e8b480f7c178f769dfd0c3c26badbb956c5d5ec697d9c970434f1a5dddec98
3.4139,0.8556,6205.0,NAVIDAD,f1e8b480f7c178f769dfd0c3c26badbb956c5d5ec697d9c970434f1a5dddec98
20.3757,7.6528,6203.0,LITUECHE,f1e8b480f7c178f769dfd0c3c26badbb956c5d5ec697d9c970434f1a5dddec98
59.1906,30.5188,6202.0,LA ESTRELLA,f1e8b480f7c178f769dfd0c3c26badbb956c5d5ec697d9c970434f1a5dddec98
39.6877,20.5507,6115.0,RENGO,f1e8b480f7c178f769dfd0c3c26badbb956c5d5ec697d9c970434f1a5dddec98
57.6259,31.4907,6109.0,MALLOA,f1e8b480f7c178f769dfd0c3c26badbb956c5d5ec697d9c970434f1a5dddec98
96.8389,56.3389,6114.0,QUINTA DE TILCOCO,f1e8b480f7c178f769dfd0c3c26badbb956c5d5ec697d9c970434f1a5dddec98
97.1611,64.5667,6106.0,GRANEROS,f1e8b480f7c178f769dfd0c3c26badbb956c5d5ec697d9c970434f1a5dddec98
41.3475,24.7983,6110.0,MOSTAZAL,f1e8b480f7c178f769dfd0c3c26badbb956c5d5ec697d9c970434f1a5dddec98
45.8636,27.0212,6102.0,CODEGUA,f1e8b480f7c178f769dfd0c3c26badbb956c5d5ec697d9c970434f1a5dddec98
46.4247,22.932,6204.0,MARCHIHUE,f1e8b480f7c178f769dfd0c3c26badbb956c5d5ec697d9c970434f1a5dddec98
2.8727,0.7197,6206.0,PAREDONES,f1e8b480f7c178f769dfd0c3c26badbb956c5d5ec697d9c970434f1a5dddec98
0.7651,0.1771,6201.0,PICHILEMU,f1e8b480f7c178f769dfd0c3c26badbb956c5d5ec697d9c970434f1a5dddec98
37.3198,14.3333,6309.0,PUMANQUE,f1e8b480f7c178f769dfd0c3c26badbb956c5d5ec697d9c970434f1a5dddec98
70.3292,36.7542,6307.0,PERALILLO,f1e8b480f7c178f769dfd0c3c26badbb956c5d5ec697d9c970434f1a5dddec98
43.8097,18.2354,6304.0,LOLOL,f1e8b480f7c178f769dfd0c3c26badbb956c5d5ec697d9c970434f1a5dddec98
62.3639,31.7972,6112.0,PEUMO,f1e8b480f7c178f769dfd0c3c26badbb956c5d5ec697d9c970434f1a5dddec98
69.541,35.1128,6113.0,PICHIDEGUA,f1e8b480f7c178f769dfd0c3c26badbb956c5d5ec697d9c970434f1a5dddec98
53.0539,25.8172,6107.0,LAS CABRAS,f1e8b480f7c178f769dfd0c3c26badbb956c5d5ec697d9c970434f1a5dddec98
66.8024,36.7095,6308.0,PLACILLA,f1e8b480f7c178f769dfd0c3c26badbb956c5d5ec697d9c970434f1a5dddec98
83.8042,48.2958,6305.0,NANCAGUA,f1e8b480f7c178f769dfd0c3c26badbb956c5d5ec697d9c970434f1a5dddec98
89.7983,59.965,6101.0,RANCAGUA,f1e8b480f7c178f769dfd0c3c26badbb956c5d5ec697d9c970434f1a5dddec98
3.0608,1.0107,6108.0,MACHALÍ,f1e8b480f7c178f769dfd0c3c26badbb956c5d5ec697d9c970434f1a5dddec98
9.9036,4.3007,6301.0,SAN FERNANDO,f1e8b480f7c178f769dfd0c3c26badbb956c5d5ec697d9c970434f1a5dddec98
75.1435,43.1769,6303.0,CHIMBARONGO,f1e8b480f7c178f769dfd0c3c26badbb956c5d5ec697d9c970434f1a5dddec98
36.5714,18.762,7201.0,CAUQUENES,f1e8b480f7c178f769dfd0c3c26badbb956c5d5ec697d9c970434f1a5dddec98
0.1636,0.0424,7202.0,CHANCO,f1e8b480f7c178f769dfd0c3c26badbb956c5d5ec697d9c970434f1a5dddec98
0.0488,0.031,7203.0,PELLUHUE,f1e8b480f7c178f769dfd0c3c26badbb956c5d5ec697d9c970434f1a5dddec98
3.5365,1.1664,7102.0,CONSTITUCIÓN,f1e8b480f7c178f769dfd0c3c26badbb956c5d5ec697d9c970434f1a5dddec98
7.3563,2.7444,7104.0,EMPEDRADO,f1e8b480f7c178f769dfd0c3c26badbb956c5d5ec697d9c970434f1a5dddec98
19.9516,7.7631,7103.0,CUREPTO,f1e8b480f7c178f769dfd0c3c26badbb956c5d5ec697d9c970434f1a5dddec98
64.7057,37.1781,7107.0,PENCAHUE,f1e8b480f7c178f769dfd0c3c26badbb956c5d5ec697d9c970434f1a5dddec98
52.2712,28.8397,7302.0,HUALAÑÉ,f1e8b480f7c178f769dfd0c3c26badbb956c5d5ec697d9c970434f1a5dddec98
80.0484,48.2286,7307.0,SAGRADA FAMILIA,f1e8b480f7c178f769dfd0c3c26badbb956c5d5ec697d9c970434f1a5dddec98
74.7131,41.9238,7305.0,RAUCO,f1e8b480f7c178f769dfd0c3c26badbb956c5d5ec697d9c970434f1a5dddec98
2.903,0.8258,7303.0,LICANTÉN,f1e8b480f7c178f769dfd0c3c26badbb956c5d5ec697d9c970434f1a5dddec98
0.8412,0.248,7309.0,VICHUQUÉN,f1e8b480f7c178f769dfd0c3c26badbb956c5d5ec697d9c970434f1a5dddec98
27.7072,13.2306,7401.0,LINARES,f1e8b480f7c178f769dfd0c3c26badbb956c5d5ec697d9c970434f1a5dddec98
36.3209,17.8048,7403.0,LONGAVÍ,f1e8b480f7c178f769dfd0c3c26badbb956c5d5ec697d9c970434f1a5dddec98
48.1265,26.8826,7404.0,PARRAL,f1e8b480f7c178f769dfd0c3c26badbb956c5d5ec697d9c970434f1a5dddec98
74.0808,43.4606,7405.0,RETIRO,f1e8b480f7c178f769dfd0c3c26badbb956c5d5ec697d9c970434f1a5dddec98
61.7461,34.2718,7406.0,SAN JAVIER,f1e8b480f7c178f769dfd0c3c26badbb956c5d5ec697d9c970434f1a5dddec98
52.178,27.6973,7308.0,TENO,f1e8b480f7c178f769dfd0c3c26badbb956c5d5ec697d9c970434f1a5dddec98
69.6967,37.05,7106.0,PELARCO,f1e8b480f7c178f769dfd0c3c26badbb956c5d5ec697d9c970434f1a5dddec98
63.5794,33.8696,7108.0,RÍO CLARO,f1e8b480f7c178f769dfd0c3c26badbb956c5d5ec697d9c970434f1a5dddec98
86.6083,55.1817,7110.0,SAN RAFAEL,f1e8b480f7c178f769dfd0c3c26badbb956c5d5ec697d9c970434f1a5dddec98
82.9383,48.9067,7101.0,TALCA,f1e8b480f7c178f769dfd0c3c26badbb956c5d5ec697d9c970434f1a5dddec98
81.825,49.4375,7105.0,MAULE,f1e8b480f7c178f769dfd0c3c26badbb956c5d5ec697d9c970434f1a5dddec98
70.0667,35.5429,7407.0,VILLA ALEGRE,f1e8b480f7c178f769dfd0c3c26badbb956c5d5ec697d9c970434f1a5dddec98
73.7152,39.3955,7408.0,YERBAS BUENAS,f1e8b480f7c178f769dfd0c3c26badbb956c5d5ec697d9c970434f1a5dddec98
29.1893,15.2918,7301.0,CURICÓ,f1e8b480f7c178f769dfd0c3c26badbb956c5d5ec697d9c970434f1a5dddec98
12.152,4.8006,7402.0,COLBÚN,f1e8b480f7c178f769dfd0c3c26badbb956c5d5ec697d9c970434f1a5dddec98
13.1825,6.5242,7306.0,ROMERAL,f1e8b480f7c178f769dfd0c3c26badbb956c5d5ec697d9c970434f1a5dddec98
11.8192,4.8492,7109.0,SAN CLEMENTE,f1e8b480f7c178f769dfd0c3c26badbb956c5d5ec697d9c970434f1a5dddec98
17.3442,8.4303,7304.0,MOLINA,f1e8b480f7c178f769dfd0c3c26badbb956c5d5ec697d9c970434f1a5dddec98
10.1053,4.1922,8308.0,QUILACO,f1e8b480f7c178f769dfd0c3c26badbb956c5d5ec697d9c970434f1a5dddec98
4.3183,1.5415,8314.0,ALTO BIOBÍO,f1e8b480f7c178f769dfd0c3c26badbb956c5d5ec697d9c970434f1a5dddec98
11.8996,4.7798,8312.0,TUCAPEL,f1e8b480f7c178f769dfd0c3c26badbb956c5d5ec697d9c970434f1a5dddec98
2.1748,0.61,8302.0,ANTUCO,f1e8b480f7c178f769dfd0c3c26badbb956c5d5ec697d9c970434f1a5dddec98
1.7965,0.7039,8202.0,ARAUCO,f1e8b480f7c178f769dfd0c3c26badbb956c5d5ec697d9c970434f1a5dddec98
0.0097,0.0014,8201.0,LEBU,f1e8b480f7c178f769dfd0c3c26badbb956c5d5ec697d9c970434f1a5dddec98
1.8128,0.7455,8204.0,CONTULMO,f1e8b480f7c178f769dfd0c3c26badbb956c5d5ec697d9c970434f1a5dddec98
0.2487,0.08,8207.0,TIRÚA,f1e8b480f7c178f769dfd0c3c26badbb956c5d5ec697d9c970434f1a5dddec98
0.4204,0.1152,8203.0,CAÑETE,f1e8b480f7c178f769dfd0c3c26badbb956c5d5ec697d9c970434f1a5dddec98
7.2208,3.0792,8103.0,CHIGUAYANTE,f1e8b480f7c178f769dfd0c3c26badbb956c5d5ec697d9c970434f1a5dddec98
23.6349,12.3294,8105.0,HUALQUI,f1e8b480f7c178f769dfd0c3c26badbb956c5d5ec697d9c970434f1a5dddec98
6.7063,2.8229,8101.0,CONCEPCIÓN,f1e8b480f7c178f769dfd0c3c26badbb956c5d5ec697d9c970434f1a5dddec98
0.2167,0.0667,8112.0,HUALPÉN,f1e8b480f7c178f769dfd0c3c26badbb956c5d5ec697d9c970434f1a5dddec98
3.8958,1.7292,8102.0,CORONEL,f1e8b480f7c178f769dfd0c3c26badbb956c5d5ec697d9c970434f1a5dddec98
1.0167,0.3444,8108.0,SAN PEDRO DE LA PAZ,f1e8b480f7c178f769dfd0c3c26badbb956c5d5ec697d9c970434f1a5dddec98
2.3016,0.8411,8205.0,CURANILAHUE,f1e8b480f7c178f769dfd0c3c26badbb956c5d5ec697d9c970434f1a5dddec98
0.2826,0.0732,8206.0,LOS ÁLAMOS,f1e8b480f7c178f769dfd0c3c26badbb956c5d5ec697d9c970434f1a5dddec98
40.6631,21.3869,8304.0,LAJA,f1e8b480f7c178f769dfd0c3c26badbb956c5d5ec697d9c970434f1a5dddec98
36.325,18.8,8310.0,SAN ROSENDO,f1e8b480f7c178f769dfd0c3c26badbb956c5d5ec697d9c970434f1a5dddec98
26.5167,14.6328,8109.0,SANTA JUANA,f1e8b480f7c178f769dfd0c3c26badbb956c5d5ec697d9c970434f1a5dddec98
3.9,1.47,8106.0,LOTA,f1e8b480f7c178f769dfd0c3c26badbb956c5d5ec697d9c970434f1a5dddec98
40.0979,19.6874,8301.0,LOS ÁNGELES,f1e8b480f7c178f769dfd0c3c26badbb956c5d5ec697d9c970434f1a5dddec98
26.6958,13.7167,8306.0,NACIMIENTO,f1e8b480f7c178f769dfd0c3c26badbb956c5d5ec697d9c970434f1a5dddec98
38.7792,20.1333,8307.0,NEGRETE,f1e8b480f7c178f769dfd0c3c26badbb956c5d5ec697d9c970434f1a5dddec98
20.1132,9.6184,8305.0,MULCHÉN,f1e8b480f7c178f769dfd0c3c26badbb956c5d5ec697d9c970434f1a5dddec98
3.22,1.2333,8107.0,PENCO,f1e8b480f7c178f769dfd0c3c26badbb956c5d5ec697d9c970434f1a5dddec98
0.4333,0.1222,8110.0,TALCAHUANO,f1e8b480f7c178f769dfd0c3c26badbb956c5d5ec697d9c970434f1a5dddec98
20.613,9.0644,8309.0,QUILLECO,f1e8b480f7c178f769dfd0c3c26badbb956c5d5ec697d9c970434f1a5dddec98
12.6143,5.2575,8311.0,SANTA BÁRBARA,f1e8b480f7c178f769dfd0c3c26badbb956c5d5ec697d9c970434f1a5dddec98
2.4765,0.8765,8111.0,TOMÉ,f1e8b480f7c178f769dfd0c3c26badbb956c5d5ec697d9c970434f1a5dddec98
15.0063,6.2153,8104.0,FLORIDA,f1e8b480f7c178f769dfd0c3c26badbb956c5d5ec697d9c970434f1a5dddec98
44.7387,22.556,8303.0,CABRERO,f1e8b480f7c178f769dfd0c3c26badbb956c5d5ec697d9c970434f1a5dddec98
37.8962,19.5774,8313.0,YUMBEL,f1e8b480f7c178f769dfd0c3c26badbb956c5d5ec697d9c970434f1a5dddec98
15.4417,7.2843,9101.0,TEMUCO,f1e8b480f7c178f769dfd0c3c26badbb956c5d5ec697d9c970434f1a5dddec98
0.4994,0.222,9102.0,CARAHUE,f1e8b480f7c178f769dfd0c3c26badbb956c5d5ec697d9c970434f1a5dddec98
4.6654,2.0103,9103.0,CUNCO,f1e8b480f7c178f769dfd0c3c26badbb956c5d5ec697d9c970434f1a5dddec98
2.0639,0.6929,9104.0,CURARREHUE,f1e8b480f7c178f769dfd0c3c26badbb956c5d5ec697d9c970434f1a5dddec98
11.9546,5.5449,9105.0,FREIRE,f1e8b480f7c178f769dfd0c3c26badbb956c5d5ec697d9c970434f1a5dddec98
18.5688,9.0896,9106.0,GALVARINO,f1e8b480f7c178f769dfd0c3c26badbb956c5d5ec697d9c970434f1a5dddec98
8.0605,3.6284,9107.0,GORBEA,f1e8b480f7c178f769dfd0c3c26badbb956c5d5ec697d9c970434f1a5dddec98
10.7779,4.6932,9108.0,LAUTARO,f1e8b480f7c178f769dfd0c3c26badbb956c5d5ec697d9c970434f1a5dddec98
5.9996,2.5163,9109.0,LONCOCHE,f1e8b480f7c178f769dfd0c3c26badbb956c5d5ec697d9c970434f1a5dddec98
2.1337,0.7778,9110.0,MELIPEUCO,f1e8b480f7c178f769dfd0c3c26badbb956c5d5ec697d9c970434f1a5dddec98
8.5468,4.1667,9111.0,NUEVA IMPERIAL,f1e8b480f7c178f769dfd0c3c26badbb956c5d5ec697d9c970434f1a5dddec98
15.8281,7.3167,9112.0,PADRE LAS CASAS,f1e8b480f7c178f769dfd0c3c26badbb956c5d5ec697d9c970434f1a5dddec98
17.2393,7.7202,9113.0,PERQUENCO,f1e8b480f7c178f769dfd0c3c26badbb956c5d5ec697d9c970434f1a5dddec98
7.4728,3.4383,9114.0,PITRUFQUÉN,f1e8b480f7c178f769dfd0c3c26badbb956c5d5ec697d9c970434f1a5dddec98
3.5109,1.424,9115.0,PUCÓN,f1e8b480f7c178f769dfd0c3c26badbb956c5d5ec697d9c970434f1a5dddec98
0.1781,0.0563,9116.0,SAAVEDRA,f1e8b480f7c178f769dfd0c3c26badbb956c5d5ec697d9c970434f1a5dddec98
1.9429,0.9346,9117.0,TEODORO SCHMIDT,f1e8b480f7c178f769dfd0c3c26badbb956c5d5ec697d9c970434f1a5dddec98
1.6091,0.7854,9118.0,TOLTÉN,f1e8b480f7c178f769dfd0c3c26badbb956c5d5ec697d9c970434f1a5dddec98
6.4942,2.8156,9119.0,VILCÚN,f1e8b480f7c178f769dfd0c3c26badbb956c5d5ec697d9c970434f1a5dddec98
4.2512,1.7046,9120.0,VILLARRICA,f1e8b480f7c178f769dfd0c3c26badbb956c5d5ec697d9c970434f1a5dddec98
13.7815,6.6435,9121.0,CHOLCHOL,f1e8b480f7c178f769dfd0c3c26badbb956c5d5ec697d9c970434f1a5dddec98
14.0199,6.7931,9201.0,ANGOL,f1e8b480f7c178f769dfd0c3c26badbb956c5d5ec697d9c970434f1a5dddec98
11.6314,5.1881,9202.0,COLLIPULLI,f1e8b480f7c178f769dfd0c3c26badbb956c5d5ec697d9c970434f1a5dddec98
2.1524,0.7414,9203.0,CURACAUTÍN,f1e8b480f7c178f769dfd0c3c26badbb956c5d5ec697d9c970434f1a5dddec98
14.3288,6.4333,9204.0,ERCILLA,f1e8b480f7c178f769dfd0c3c26badbb956c5d5ec697d9c970434f1a5dddec98
5.718,2.1491,9205.0,LONQUIMAY,f1e8b480f7c178f769dfd0c3c26badbb956c5d5ec697d9c970434f1a5dddec98
19.6732,10.0667,9206.0,LOS SAUCES,f1e8b480f7c178f769dfd0c3c26badbb956c5d5ec697d9c970434f1a5dddec98
8.3507,4.1263,9207.0,LUMACO,f1e8b480f7c178f769dfd0c3c26badbb956c5d5ec697d9c970434f1a5dddec98
13.2149,6.9667,9208.0,PURÉN,f1e8b480f7c178f769dfd0c3c26badbb956c5d5ec697d9c970434f1a5dddec98
32.9472,16.6958,9209.0,RENAICO,f1e8b480f7c178f769dfd0c3c26badbb956c5d5ec697d9c970434f1a5dddec98
20.9727,10.3722,9210.0,TRAIGUÉN,f1e8b480f7c178f769dfd0c3c26badbb956c5d5ec697d9c970434f1a5dddec98
9.7712,4.1925,9211.0,VICTORIA,f1e8b480f7c178f769dfd0c3c26badbb956c5d5ec697d9c970434f1a5dddec98
0.1038,0.0207,10202.0,ANCUD,f1e8b480f7c178f769dfd0c3c26badbb956c5d5ec697d9c970434f1a5dddec98
0.3652,0.1173,10205.0,DALCAHUE,f1e8b480f7c178f769dfd0c3c26badbb956c5d5ec697d9c970434f1a5dddec98
0.0,0.0,10209.0,QUEMCHI,f1e8b480f7c178f769dfd0c3c26badbb956c5d5ec697d9c970434f1a5dddec98
0.5458,0.2167,10201.0,CASTRO,f1e8b480f7c178f769dfd0c3c26badbb956c5d5ec697d9c970434f1a5dddec98
0.0,0.0,10204.0,CURACO DE VÉLEZ,f1e8b480f7c178f769dfd0c3c26badbb956c5d5ec697d9c970434f1a5dddec98
0.0,0.0,10210.0,QUINCHAO,f1e8b480f7c178f769dfd0c3c26badbb956c5d5ec697d9c970434f1a5dddec98
0.2792,0.0875,10203.0,CHONCHI,f1e8b480f7c178f769dfd0c3c26badbb956c5d5ec697d9c970434f1a5dddec98
0.0778,0.0167,10206.0,PUQUELDÓN,f1e8b480f7c178f769dfd0c3c26badbb956c5d5ec697d9c970434f1a5dddec98
0.7077,0.3059,10106.0,LOS MUERMOS,f1e8b480f7c178f769dfd0c3c26badbb956c5d5ec697d9c970434f1a5dddec98
1.1118,0.5242,10104.0,FRESIA,f1e8b480f7c178f769dfd0c3c26badbb956c5d5ec697d9c970434f1a5dddec98
0.8847,0.327,10105.0,FRUTILLAR,f1e8b480f7c178f769dfd0c3c26badbb956c5d5ec697d9c970434f1a5dddec98
0.5963,0.2,10107.0,LLANQUIHUE,f1e8b480f7c178f769dfd0c3c26badbb956c5d5ec697d9c970434f1a5dddec98
0.0117,0.0,10102.0,CALBUCO,f1e8b480f7c178f769dfd0c3c26badbb956c5d5ec697d9c970434f1a5dddec98
0.2566,0.0763,10108.0,MAULLÍN,f1e8b480f7c178f769dfd0c3c26badbb956c5d5ec697d9c970434f1a5dddec98
0.1251,0.0174,10101.0,PUERTO MONTT,f1e8b480f7c178f769dfd0c3c26badbb956c5d5ec697d9c970434f1a5dddec98
0.413,0.1177,10302.0,PUERTO OCTAY,f1e8b480f7c178f769dfd0c3c26badbb956c5d5ec697d9c970434f1a5dddec98
1.0209,0.4915,10306.0,SAN JUAN DE LA COSTA,f1e8b480f7c178f769dfd0c3c26badbb956c5d5ec697d9c970434f1a5dddec98
2.2667,1.1721,10305.0,RÍO NEGRO,f1e8b480f7c178f769dfd0c3c26badbb956c5d5ec697d9c970434f1a5dddec98
1.5546,0.732,10303.0,PURRANQUE,f1e8b480f7c178f769dfd0c3c26badbb956c5d5ec697d9c970434f1a5dddec98
0.0029,0.0,10207.0,QUEILÉN,f1e8b480f7c178f769dfd0c3c26badbb956c5d5ec697d9c970434f1a5dddec98
0.0336,0.0084,10208.0,QUELLÓN,f1e8b480f7c178f769dfd0c3c26badbb956c5d5ec697d9c970434f1a5dddec98
5.8397,2.8917,10307.0,SAN PABLO,f1e8b480f7c178f769dfd0c3c26badbb956c5d5ec697d9c970434f1a5dddec98
4.4209,2.2308,10301.0,OSORNO,f1e8b480f7c178f769dfd0c3c26badbb956c5d5ec697d9c970434f1a5dddec98
0.591,0.1688,10304.0,PUYEHUE,f1e8b480f7c178f769dfd0c3c26badbb956c5d5ec697d9c970434f1a5dddec98
0.34,0.0568,10109.0,PUERTO VARAS,f1e8b480f7c178f769dfd0c3c26badbb956c5d5ec697d9c970434f1a5dddec98
0.6855,0.1718,10103.0,COCHAMÓ,f1e8b480f7c178f769dfd0c3c26badbb956c5d5ec697d9c970434f1a5dddec98
0.1075,0.0068,10403.0,HUALAIHUÉ,f1e8b480f7c178f769dfd0c3c26badbb956c5d5ec697d9c970434f1a5dddec98
0.1488,0.0222,10401.0,CHAITÉN,f1e8b480f7c178f769dfd0c3c26badbb956c5d5ec697d9c970434f1a5dddec98
0.3647,0.0683,10402.0,FUTALEUFÚ,f1e8b480f7c178f769dfd0c3c26badbb956c5d5ec697d9c970434f1a5dddec98
0.2913,0.0436,10404.0,PALENA,f1e8b480f7c178f769dfd0c3c26badbb956c5d5ec697d9c970434f1a5dddec98
0.1599,0.0338,11202.0,CISNES,f1e8b480f7c178f769dfd0c3c26badbb956c5d5ec697d9c970434f1a5dddec98
0.0,0.0,11203.0,GUAITECAS,f1e8b480f7c178f769dfd0c3c26badbb956c5d5ec697d9c970434f1a5dddec98
0.0222,0.0075,11303.0,TORTEL,f1e8b480f7c178f769dfd0c3c26badbb956c5d5ec697d9c970434f1a5dddec98
0.1411,0.0354,11201.0,AYSÉN,f1e8b480f7c178f769dfd0c3c26badbb956c5d5ec697d9c970434f1a5dddec98
0.0047,0.0,11302.0,O'HIGGINS,f1e8b480f7c178f769dfd0c3c26badbb956c5d5ec697d9c970434f1a5dddec98
0.0672,0.0107,11301.0,COCHRANE,f1e8b480f7c178f769dfd0c3c26badbb956c5d5ec697d9c970434f1a5dddec98
0.2075,0.0403,11401.0,CHILE CHICO,f1e8b480f7c178f769dfd0c3c26badbb956c5d5ec697d9c970434f1a5dddec98
0.2698,0.0561,11402.0,RÍO IBÁÑEZ,f1e8b480f7c178f769dfd0c3c26badbb956c5d5ec697d9c970434f1a5dddec98
0.5295,0.1464,11101.0,COYHAIQUE,f1e8b480f7c178f769dfd0c3c26badbb956c5d5ec697d9c970434f1a5dddec98
0.5862,0.1778,11102.0,LAGO VERDE,f1e8b480f7c178f769dfd0c3c26badbb956c5d5ec697d9c970434f1a5dddec98
0.0247,0.004,12102.0,LAGUNA BLANCA,f1e8b480f7c178f769dfd0c3c26badbb956c5d5ec697d9c970434f1a5dddec98
0.0,0.0,12103.0,RÍO VERDE,f1e8b480f7c178f769dfd0c3c26badbb956c5d5ec697d9c970434f1a5dddec98
0.0276,0.0029,12402.0,TORRES DEL PAINE,f1e8b480f7c178f769dfd0c3c26badbb956c5d5ec697d9c970434f1a5dddec98
0.001,0.0002,12401.0,NATALES,f1e8b480f7c178f769dfd0c3c26badbb956c5d5ec697d9c970434f1a5dddec98
0.0,0.0,12301.0,PORVENIR,f1e8b480f7c178f769dfd0c3c26badbb956c5d5ec697d9c970434f1a5dddec98
0.0,0.0,12302.0,PRIMAVERA,f1e8b480f7c178f769dfd0c3c26badbb956c5d5ec697d9c970434f1a5dddec98
0.0,0.0,12303.0,TIMAUKEL,f1e8b480f7c178f769dfd0c3c26badbb956c5d5ec697d9c970434f1a5dddec98
0.0,0.0,12201.0,CABO DE HORNOS,f1e8b480f7c178f769dfd0c3c26badbb956c5d5ec697d9c970434f1a5dddec98
0.0824,0.0109,12104.0,SAN GREGORIO,f1e8b480f7c178f769dfd0c3c26badbb956c5d5ec697d9c970434f1a5dddec98
0.0,0.0,12101.0,PUNTA ARENAS,f1e8b480f7c178f769dfd0c3c26badbb956c5d5ec697d9c970434f1a5dddec98
69.4737,42.5558,13404.0,PAINE,f1e8b480f7c178f769dfd0c3c26badbb956c5d5ec697d9c970434f1a5dddec98
104.4733,67.4617,13402.0,BUIN,f1e8b480f7c178f769dfd0c3c26badbb956c5d5ec697d9c970434f1a5dddec98
81.5521,46.3104,13124.0,PUDAHUEL,f1e8b480f7c178f769dfd0c3c26badbb956c5d5ec697d9c970434f1a5dddec98
111.7333,67.8833,13103.0,CERRO NAVIA,f1e8b480f7c178f769dfd0c3c26badbb956c5d5ec697d9c970434f1a5dddec98
49.7919,28.0709,13301.0,COLINA,f1e8b480f7c178f769dfd0c3c26badbb956c5d5ec697d9c970434f1a5dddec98
75.4458,42.3368,13303.0,TILTIL,f1e8b480f7c178f769dfd0c3c26badbb956c5d5ec697d9c970434f1a5dddec98
69.4537,41.2065,13302.0,LAMPA,f1e8b480f7c178f769dfd0c3c26badbb956c5d5ec697d9c970434f1a5dddec98
61.9667,21.35,13107.0,HUECHURABA,f1e8b480f7c178f769dfd0c3c26badbb956c5d5ec697d9c970434f1a5dddec98
103.9667,57.9,13104.0,CONCHALÍ,f1e8b480f7c178f769dfd0c3c26badbb956c5d5ec697d9c970434f1a5dddec98
39.3667,16.0646,13504.0,MARÍA PINTO,f1e8b480f7c178f769dfd0c3c26badbb956c5d5ec697d9c970434f1a5dddec98
37.4186,14.5955,13503.0,CURACAVÍ,f1e8b480f7c178f769dfd0c3c26badbb956c5d5ec697d9c970434f1a5dddec98
94.3167,46.9833,13112.0,LA PINTANA,f1e8b480f7c178f769dfd0c3c26badbb956c5d5ec697d9c970434f1a5dddec98
100.2,53.9167,13105.0,EL BOSQUE,f1e8b480f7c178f769dfd0c3c26badbb956c5d5ec697d9c970434f1a5dddec98
106.2444,60.3778,13106.0,ESTACIÓN CENTRAL,f1e8b480f7c178f769dfd0c3c26badbb956c5d5ec697d9c970434f1a5dddec98
107.5917,61.3833,13121.0,PEDRO AGUIRRE CERDA,f1e8b480f7c178f769dfd0c3c26badbb956c5d5ec697d9c970434f1a5dddec98
85.9167,40.6667,13127.0,RECOLETA,f1e8b480f7c178f769dfd0c3c26badbb956c5d5ec697d9c970434f1a5dddec98
95.6833,47.9333,13108.0,INDEPENDENCIA,f1e8b480f7c178f769dfd0c3c26badbb956c5d5ec697d9c970434f1a5dddec98
76.8037,40.5111,13603.0,ISLA DE MAIPO,f1e8b480f7c178f769dfd0c3c26badbb956c5d5ec697d9c970434f1a5dddec98
108.6667,63.425,13116.0,LO ESPEJO,f1e8b480f7c178f769dfd0c3c26badbb956c5d5ec697d9c970434f1a5dddec98
106.0833,59.7667,13109.0,LA CISTERNA,f1e8b480f7c178f769dfd0c3c26badbb956c5d5ec697d9c970434f1a5dddec98
38.4389,14.9944,13110.0,LA FLORIDA,f1e8b480f7c178f769dfd0c3c26badbb956c5d5ec697d9c970434f1a5dddec98
49.4222,20.9278,13122.0,PEÑALOLÉN,f1e8b480f7c178f769dfd0c3c26badbb956c5d5ec697d9c970434f1a5dddec98
47.3056,18.4889,13114.0,LAS CONDES,f1e8b480f7c178f769dfd0c3c26badbb956c5d5ec697d9c970434f1a5dddec98
57.8967,23.64,13113.0,LA REINA,f1e8b480f7c178f769dfd0c3c26badbb956c5d5ec697d9c970434f1a5dddec98
1.4261,0.2248,13115.0,LO BARNECHEA,f1e8b480f7c178f769dfd0c3c26badbb956c5d5ec697d9c970434f1a5dddec98
47.075,13.5,13132.0,VITACURA,f1e8b480f7c178f769dfd0c3c26badbb956c5d5ec697d9c970434f1a5dddec98
95.6833,47.9333,13126.0,QUINTA NORMAL,f1e8b480f7c178f769dfd0c3c26badbb956c5d5ec697d9c970434f1a5dddec98
112.8417,69.0417,13117.0,LO PRADO,f1e8b480f7c178f769dfd0c3c26badbb956c5d5ec697d9c970434f1a5dddec98
111.4333,66.7611,13102.0,CERRILLOS,f1e8b480f7c178f769dfd0c3c26badbb956c5d5ec697d9c970434f1a5dddec98
97.6583,54.3222,13119.0,MAIPÚ,f1e8b480f7c178f769dfd0c3c26badbb956c5d5ec697d9c970434f1a5dddec98
44.0695,18.7959,13501.0,MELIPILLA,f1e8b480f7c178f769dfd0c3c26badbb956c5d5ec697d9c970434f1a5dddec98
93.7083,45.8417,13118.0,MACUL,f1e8b480f7c178f769dfd0c3c26badbb956c5d5ec697d9c970434f1a5dddec98
90.8333,43.0167,13120.0,ÑUÑOA,f1e8b480f7c178f769dfd0c3c26badbb956c5d5ec697d9c970434f1a5dddec98
76.8333,35.3583,13605.0,PEÑAFLOR,f1e8b480f7c178f769dfd0c3c26badbb956c5d5ec697d9c970434f1a5dddec98
72.2,33.1278,13604.0,PADRE HURTADO,f1e8b480f7c178f769dfd0c3c26badbb956c5d5ec697d9c970434f1a5dddec98
69.575,29.475,13201.0,PUENTE ALTO,f1e8b480f7c178f769dfd0c3c26badbb956c5d5ec697d9c970434f1a5dddec98
115.1167,73.9667,13125.0,QUILICURA,f1e8b480f7c178f769dfd0c3c26badbb956c5d5ec697d9c970434f1a5dddec98
109.8667,66.2778,13128.0,RENCA,f1e8b480f7c178f769dfd0c3c26badbb956c5d5ec697d9c970434f1a5dddec98
94.9111,51.2944,13403.0,CALERA DE TANGO,f1e8b480f7c178f769dfd0c3c26badbb956c5d5ec697d9c970434f1a5dddec98
98.4556,54.2278,13401.0,SAN BERNARDO,f1e8b480f7c178f769dfd0c3c26badbb956c5d5ec697d9c970434f1a5dddec98
0.8872,0.1498,13203.0,SAN JOSÉ DE MAIPO,f1e8b480f7c178f769dfd0c3c26badbb956c5d5ec697d9c970434f1a5dddec98
28.5196,10.1333,13202.0,PIRQUE,f1e8b480f7c178f769dfd0c3c26badbb956c5d5ec697d9c970434f1a5dddec98
100.65,52.1167,13129.0,SAN JOAQUÍN,f1e8b480f7c178f769dfd0c3c26badbb956c5d5ec697d9c970434f1a5dddec98
102.4583,55.2875,13130.0,SAN MIGUEL,f1e8b480f7c178f769dfd0c3c26badbb956c5d5ec697d9c970434f1a5dddec98
94.1583,46.625,13131.0,SAN RAMÓN,f1e8b480f7c178f769dfd0c3c26badbb956c5d5ec697d9c970434f1a5dddec98
94.0,46.2667,13111.0,LA GRANJA,f1e8b480f7c178f769dfd0c3c26badbb956c5d5ec697d9c970434f1a5dddec98
82.05,35.4833,13123.0,PROVIDENCIA,f1e8b480f7c178f769dfd0c3c26badbb956c5d5ec697d9c970434f1a5dddec98
109.1,63.0,13101.0,SANTIAGO,f1e8b480f7c178f769dfd0c3c26badbb956c5d5ec697d9c970434f1a5dddec98
58.1167,24.5,13602.0,EL MONTE,f1e8b480f7c178f769dfd0c3c26badbb956c5d5ec697d9c970434f1a5dddec98
87.9056,45.6056,13601.0,TALAGANTE,f1e8b480f7c178f769dfd0c3c26badbb956c5d5ec697d9c970434f1a5dddec98
38.8306,16.9919,13505.0,SAN PEDRO,f1e8b480f7c178f769dfd0c3c26badbb956c5d5ec697d9c970434f1a5dddec98
36.701,18.2682,13502.0,ALHUÉ,f1e8b480f7c178f769dfd0c3c26badbb956c5d5ec697d9c970434f1a5dddec98
2.7798,1.2996,14101.0,VALDIVIA,f1e8b480f7c178f769dfd0c3c26badbb956c5d5ec697d9c970434f1a5dddec98
1.1606,0.5361,14102.0,CORRAL,f1e8b480f7c178f769dfd0c3c26badbb956c5d5ec697d9c970434f1a5dddec98
4.8905,2.0603,14103.0,LANCO,f1e8b480f7c178f769dfd0c3c26badbb956c5d5ec697d9c970434f1a5dddec98
2.4786,1.0733,14104.0,LOS LAGOS,f1e8b480f7c178f769dfd0c3c26badbb956c5d5ec697d9c970434f1a5dddec98
5.5569,2.4743,14105.0,MÁFIL,f1e8b480f7c178f769dfd0c3c26badbb956c5d5ec697d9c970434f1a5dddec98
2.8468,1.3208,14106.0,MARIQUINA,f1e8b480f7c178f769dfd0c3c26badbb956c5d5ec697d9c970434f1a5dddec98
3.6796,1.7699,14107.0,PAILLACO,f1e8b480f7c178f769dfd0c3c26badbb956c5d5ec697d9c970434f1a5dddec98
2.5733,0.9639,14108.0,PANGUIPULLI,f1e8b480f7c178f769dfd0c3c26badbb956c5d5ec697d9c970434f1a5dddec98
3.2659,1.567,14201.0,LA UNIÓN,f1e8b480f7c178f769dfd0c3c26badbb956c5d5ec697d9c970434f1a5dddec98
0.9543,0.2837,14202.0,FUTRONO,f1e8b480f7c178f769dfd0c3c26badbb956c5d5ec697d9c970434f1a5dddec98
0.8216,0.2333,14203.0,LAGO RANCO,f1e8b480f7c178f769dfd0c3c26badbb956c5d5ec697d9c970434f1a5dddec98
1.599,0.6826,14204.0,RÍO BUENO,f1e8b480f7c178f769dfd0c3c26badbb956c5d5ec697d9c970434f1a5dddec98
0.7354,0.0044,15101.0,ARICA,f1e8b480f7c178f769dfd0c3c26badbb956c5d5ec697d9c970434f1a5dddec98
0.4163,0.0056,15102.0,CAMARONES,f1e8b480f7c178f769dfd0c3c26badbb956c5d5ec697d9c970434f1a5dddec98
0.0,0.0,15201.0,PUTRE,f1e8b480f7c178f769dfd0c3c26badbb956c5d5ec697d9c970434f1a5dddec98
0.0,0.0,15202.0,GENERAL LAGOS,f1e8b480f7c178f769dfd0c3c26badbb956c5d5ec697d9c970434f1a5dddec98
69.0231,40.7972,16101.0,CHILLÁN,f1e8b480f7c178f769dfd0c3c26badbb956c5d5ec697d9c970434f1a5dddec98
59.5972,32.5111,16102.0,BULNES,f1e8b480f7c178f769dfd0c3c26badbb956c5d5ec697d9c970434f1a5dddec98
68.8697,41.797,16103.0,CHILLÁN VIEJO,f1e8b480f7c178f769dfd0c3c26badbb956c5d5ec697d9c970434f1a5dddec98
21.8192,8.7942,16104.0,EL CARMEN,f1e8b480f7c178f769dfd0c3c26badbb956c5d5ec697d9c970434f1a5dddec98
35.8141,17.2487,16105.0,PEMUCO,f1e8b480f7c178f769dfd0c3c26badbb956c5d5ec697d9c970434f1a5dddec98
10.2366,4.683,16106.0,PINTO,f1e8b480f7c178f769dfd0c3c26badbb956c5d5ec697d9c970434f1a5dddec98
40.7781,20.45,16107.0,QUILLÓN,f1e8b480f7c178f769dfd0c3c26badbb956c5d5ec697d9c970434f1a5dddec98
47.5679,23.0436,16108.0,SAN IGNACIO,f1e8b480f7c178f769dfd0c3c26badbb956c5d5ec697d9c970434f1a5dddec98
24.9294,11.5176,16109.0,YUNGAY,f1e8b480f7c178f769dfd0c3c26badbb956c5d5ec697d9c970434f1a5dddec98
11.6486,4.3361,16201.0,QUIRIHUE,f1e8b480f7c178f769dfd0c3c26badbb956c5d5ec697d9c970434f1a5dddec98
0.3424,0.0938,16202.0,COBQUECURA,f1e8b480f7c178f769dfd0c3c26badbb956c5d5ec697d9c970434f1a5dddec98
8.1152,3.2288,16203.0,COELEMU,f1e8b480f7c178f769dfd0c3c26badbb956c5d5ec697d9c970434f1a5dddec98
47.9078,24.1533,16204.0,NINHUE,f1e8b480f7c178f769dfd0c3c26badbb956c5d5ec697d9c970434f1a5dddec98
45.8792,22.8667,16205.0,PORTEZUELO,f1e8b480f7c178f769dfd0c3c26badbb956c5d5ec697d9c970434f1a5dddec98
28.3697,13.397,16206.0,RÁNQUIL,f1e8b480f7c178f769dfd0c3c26badbb956c5d5ec697d9c970434f1a5dddec98
17.3,7.5591,16207.0,TREGUACO,f1e8b480f7c178f769dfd0c3c26badbb956c5d5ec697d9c970434f1a5dddec98
68.2371,39.4457,16301.0,SAN CARLOS,f1e8b480f7c178f769dfd0c3c26badbb956c5d5ec697d9c970434f1a5dddec98
19.9324,9.0438,16302.0,COIHUECO,f1e8b480f7c178f769dfd0c3c26badbb956c5d5ec697d9c970434f1a5dddec98
72.5737,42.9456,16303.0,ÑIQUÉN,f1e8b480f7c178f769dfd0c3c26badbb956c5d5ec697d9c970434f1a5dddec98
7.0859,2.3427,16304.0,SAN FABIÁN,f1e8b480f7c178f769dfd0c3c26badbb956c5d5ec697d9c970434f1a5dddec98
68.3743,40.7076,16305.0,SAN NICOLÁS,f1e8b480f7c178f769dfd0c3c26badbb956c5d5ec697d9c970434f1a5dddec98
