_source_sha256,mean,year
8ca1ebf9d639ebd550514622af37c47b8c8d67256b9b43e80eeb8f928a99b541,52.4,1970.0
8ca1ebf9d639ebd550514622af37c47b8c8d67256b9b43e80eeb8f928a99b541,53.1,1971.0
8ca1ebf9d639ebd550514622af37c47b8c8d67256b9b43e80eeb8f928a99b541,52.0,1972.0
8ca1ebf9d639ebd550514622af37c47b8c8d67256b9b43e80eeb8f928a99b541,54.3,1973.0
8ca1ebf9d639ebd550514622af37c47b8c8d67256b9b43e80eeb8f928a99b541,56.2,1974.0
8ca1ebf9d639ebd550514622af37c47b8c8d67256b9b43e80eeb8f928a99b541,53.8,1975.0
8ca1ebf9d639ebd550514622af37c47b8c8d67256b9b43e80eeb8f928a99b541,52.6,1976.0
8ca1ebf9d639ebd550514622af37c47b8c8d67256b9b43e80eeb8f928a99b541,55.5,1977.0
8ca1ebf9d639ebd550514622af37c47b8c8d67256b9b43e80eeb8f928a99b541,51.9,1978.0
8ca1ebf9d639ebd550514622af37c47b8c8d67256b9b43e80eeb8f928a99b541,56.0,1979.0
8ca1ebf9d639ebd550514622af37c47b8c8d67256b9b43e80eeb8f928a99b541,55.0,1980.0
8ca1ebf9d639ebd550514622af37c47b8c8d67256b9b43e80eeb8f928a99b541,62.2,1981.0
8ca1ebf9d639ebd550514622af37c47b8c8d67256b9b43e80eeb8f928a99b541,55.0,1982.0
8ca1ebf9d639ebd550514622af37c47b8c8d67256b9b43e80eeb8f928a99b541,54.0,1983.0
8ca1ebf9d639ebd550514622af37c47b8c8d67256b9b43e80eeb8f928a99b541,55.5,1984.0
8ca1ebf9d639ebd550514622af37c47b8c8d67256b9b43e80eeb8f928a99b541,57.9,1985.0
8ca1ebf9d639ebd550514622af37c47b8c8d67256b9b43e80eeb8f928a99b541,59.2,1986.0
8ca1ebf9d639ebd550514622af37c47b8c8d67256b9b43e80eeb8f928a99b541,62.1,1987.0
8ca1ebf9d639ebd550514622af37c47b8c8d67256b9b43e80eeb8f928a99b541,60.0,1988.0
8ca1ebf9d639ebd550514622af37c47b8c8d67256b9b43e80eeb8f928a99b541,59.5,1989.0
8ca1ebf9d639ebd550514622af37c47b8c8d67256b9b43e80eeb8f928a99b541,59.9,1990.0
8ca1ebf9d639ebd550514622af37c47b8c8d67256b9b43e80eeb8f928a99b541,58.0,1991.0
8ca1ebf9d639ebd550514622af37c47b8c8d67256b9b43e80eeb8f928a99b541,56.8,1992.0
8ca1ebf9d639ebd550514622af37c47b8c8d67256b9b43e80eeb8f928a99b541,53.0,1993.0
8ca1ebf9d639ebd550514622af37c47b8c8d67256b9b43e80eeb8f928a99b541,58.0,1994.0
8ca1ebf9d639ebd550514622af37c47b8c8d67256b9b43e80eeb8f928a99b541,57.9,1995.0
8ca1ebf9d639ebd550514622af37c47b8c8d67256b9b43e80eeb8f928a99b541,64.4,1996.0
8ca1ebf9d639ebd550514622af37c47b8c8d67256b9b43e80eeb8f928a99b541,65.5,1997.0
8ca1ebf9d639ebd550514622af37c47b8c8d67256b9b43e80eeb8f928a99b541,65.4,1998.0
8ca1ebf9d639ebd550514622af37c47b8c8d67256b9b43e80eeb8f928a99b541,65.7,1999.0
8ca1ebf9d639ebd550514622af37c47b8c8d67256b9b43e80eeb8f928a99b541,69.6,2000.0
8ca1ebf9d639ebd550514622af37c47b8c8d67256b9b43e80eeb8f928a99b541,72.5,2001.0
8ca1ebf9d639ebd550514622af37c47b8c8d67256b9b43e80eeb8f928a99b541,70.3,2002.0
8ca1ebf9d639ebd550514622af37c47b8c8d67256b9b43e80eeb8f928a99b541,70.7,2003.0
8ca1ebf9d639ebd550514622af37c47b8c8d67256b9b43e80eeb8f928a99b541,67.8,2004.0
8ca1ebf9d639ebd550514622af37c47b8c8d67256b9b43e80eeb8f928a99b541,66.5,2005.0
8ca1ebf9d639ebd550514622af37c47b8c8d67256b9b43e80eeb8f928a99b541,74.0,2006.0
8ca1ebf9d639ebd550514622af37c47b8c8d67256b9b43e80eeb8f928a99b541,71.1,2007.0
8ca1ebf9d639ebd550514622af37c47b8c8d67256b9b43e80eeb8f928a99b541,72.3,2008.0
8ca1ebf9d639ebd550514622af37c47b8c8d67256b9b43e80eeb8f928a99b541,71.3,2009.0
8ca1ebf9d639ebd550514622af37c47b8c8d67256b9b43e80eeb8f928a99b541,74.8,2010.0
8ca1ebf9d639ebd550514622af37c47b8c8d67256b9b43e80eeb8f928a99b541,81.7,2011.0
8ca1ebf9d639ebd550514622af37c47b8c8d67256b9b43e80eeb8f928a99b541,76.2,2012.0
8ca1ebf9d639ebd550514622af37c47b8c8d67256b9b43e80eeb8f928a99b541,78.5,2013.0
8ca1ebf9d639ebd550514622af37c47b8c8d67256b9b43e80eeb8f928a99b541,79.2,2014.0
8ca1ebf9d639ebd550514622af37c47b8c8d67256b9b43e80eeb8f928a99b541,78.5,2015.0
8ca1ebf9d639ebd550514622af37c47b8c8d67256b9b43e80eeb8f928a99b541,81.6,2016.0
8ca1ebf9d639ebd550514622af37c47b8c8d67256b9b43e80eeb8f928a99b541,78.5,2017.0
8ca1ebf9d639ebd550514622af37c47b8c8d67256b9b43e80eeb8f928a99b541,82.8,2018.0
8ca1ebf9d639ebd550514622af37c47b8c8d67256b9b43e80eeb8f928a99b541,83.2,2019.0
8ca1ebf9d639ebd550514622af37c47b8c8d67256b9b43e80eeb8f928a99b541,84.7,2020.0
8ca1ebf9d639ebd550514622af37c47b8c8d67256b9b43e80eeb8f928a99b541,86.5,2021.0
8ca1ebf9d639ebd550514622af37c47b8c8d67256b9b43e80eeb8f928a99b541,87.0,2022.0
8ca1ebf9d639ebd550514622af37c47b8c8d67256b9b43e80eeb8f928a99b541,88.9,2023.0
8ca1ebf9d639ebd550514622af37c47b8c8d67256b9b43e80eeb8f928a99b541,86.9,2024.0
8ca1ebf9d639ebd550514622af37c47b8c8d67256b9b43e80eeb8f928a99b541,91.5,2025.0
8ca1ebf9d639ebd550514622af37c47b8c8d67256b9b43e80eeb8f928a99b541,90.7,2026.0
8ca1ebf9d639ebd550514622af37c47b8c8d67256b9b43e80eeb8f928a99b541,92.5,2027.0
8ca1ebf9d639ebd550514622af37c47b8c8d67256b9b43e80eeb8f928a99b541,91.2,2028.0
8ca1ebf9d639ebd550514622af37c47b8c8d67256b9b43e80eeb8f928a99b541,89.5,2029.0
8ca1ebf9d639ebd550514622af37c47b8c8d67256b9b43e80eeb8f928a99b541,96.6,2030.0
8ca1ebf9d639ebd550514622af37c47b8c8d67256b9b43e80eeb8f928a99b541,94.9,2031.0
8ca1ebf9d639ebd550514622af37c47b8c8d67256b9b43e80eeb8f928a99b541,98.9,2032.0
8ca1ebf9d639ebd550514622af37c47b8c8d67256b9b43e80eeb8f928a99b541,96.2,2033.0
8ca1ebf9d639ebd550514622af37c47b8c8d67256b9b43e80eeb8f928a99b541,94.8,2034.0
8ca1ebf9d639ebd550514622af37c47b8c8d67256b9b43e80eeb8f928a99b541,99.0,2035.0
8ca1ebf9d639ebd550514622af37c47b8c8d67256b9b43e80eeb8f928a99b541,97.6,2036.0
8ca1ebf9d639ebd550514622af37c47b8c8d67256b9b43e80eeb8f928a99b541,96.7,2037.0
8ca1ebf9d639ebd550514622af37c47b8c8d67256b9b43e80eeb8f928a99b541,99.5,2038.0
8ca1ebf9d639ebd550514622af37c47b8c8d67256b9b43e80eeb8f928a99b541,95.2,2039.0
8ca1ebf9d639ebd550514622af37c47b8c8d67256b9b43e80eeb8f928a99b541,105.0,2040.0
8ca1ebf9d639ebd550514622af37c47b8c8d67256b9b43e80eeb8f928a99b541,103.5,2041.0
8ca1ebf9d639ebd550514622af37c47b8c8d67256b9b43e80eeb8f928a99b541,103.7,2042.0
8ca1ebf9d639ebd550514622af37c47b8c8d67256b9b43e80eeb8f928a99b541,98.6,2043.0
8ca1ebf9d639ebd550514622af37c47b8c8d67256b9b43e80eeb8f928a99b541,99.8,2044.0
8ca1ebf9d639ebd550514622af37c47b8c8d67256b9b43e80eeb8f928a99b541,108.4,2045.0
8ca1ebf9d639ebd550514622af37c47b8c8d67256b9b43e80eeb8f928a99b541,103.1,2046.0
8ca1ebf9d639ebd550514622af37c47b8c8d67256b9b43e80eeb8f928a99b541,100.0,2047.0
8ca1ebf9d639ebd550514622af37c47b8c8d67256b9b43e80eeb8f928a99b541,105.3,2048.0
8ca1ebf9d639ebd550514622af37c47b8c8d67256b9b43e80eeb8f928a99b541,106.7,2049.0
8ca1ebf9d639ebd550514622af37c47b8c8d67256b9b43e80eeb8f928a99b541,110.8,2050.0
8ca1ebf9d639ebd550514622af37c47b8c8d67256b9b43e80eeb8f928a99b541,106.9,2051.0
8ca1ebf9d639ebd550514622af37c47b8c8d67256b9b43e80eeb8f928a99b541,108.3,2052.0
8ca1ebf9d639ebd550514622af37c47b8c8d67256b9b43e80eeb8f928a99b541,108.5,2053.0
8ca1ebf9d639ebd550514622af37c47b8c8d67256b9b43e80eeb8f928a99b541,112.4,2054.0
8ca1ebf9d639ebd550514622af37c47b8c8d67256b9b43e80eeb8f928a99b541,113.0,2055.0
8ca1ebf9d639ebd550514622af37c47b8c8d67256b9b43e80eeb8f928a99b541,112.7,2056.0
8ca1ebf9d639ebd550514622af37c47b8c8d67256b9b43e80eeb8f928a99b541,111.6,2057.0
8ca1ebf9d639ebd550514622af37c47b8c8d67256b9b43e80eeb8f928a99b541,112.6,2058.0
8ca1ebf9d639ebd550514622af37c47b8c8d67256b9b43e80eeb8f928a99b541,111.5,2059.0
8ca1ebf9d639ebd550514622af37c47b8c8d67256b9b43e80eeb8f928a99b541,114.8,2060.0
8ca1ebf9d639ebd550514622af37c47b8c8d67256b9b43e80eeb8f928a99b541,112.9,2061.0
8ca1ebf9d639ebd550514622af37c47b8c8d67256b9b43e80eeb8f928a99b541,115.3,2062.0
8ca1ebf9d639ebd550514622af37c47b8c8d67256b9b43e80eeb8f928a99b541,116.7,2063.0
8ca1ebf9d639ebd550514622af37c47b8c8d67256b9b43e80eeb8f928a99b541,117.3,2064.0
8ca1ebf9d639ebd550514622af37c47b8c8d67256b9b43e80eeb8f928a99b541,116.5,2065.0
8ca1ebf9d639ebd550514622af37c47b8c8d67256b9b43e80eeb8f928a99b541,118.0,2066.0
8ca1ebf9d639ebd550514622af37c47b8c8d67256b9b43e80eeb8f928a99b541,115.8,2067.0
8ca1ebf9d639ebd550514622af37c47b8c8d67256b9b43e80eeb8f928a99b541,121.6,2068.0
8ca1ebf9d639ebd550514622af37c47b8c8d67256b9b43e80eeb8f928a99b541,116.2,2069.0
