bytes,content_type,filename,raw_path,requested_url,sha256,sheet_count,sheet_names
56630,text/html; charset=UTF-8,encuesta-casen-2024,Fuentes\fuentes_externas\raw\F-03\20260913T160923Z_f0b8e725e9722cc8.raw,https://observatorio.ministeriodesarrollosocial.gob.cl/encuesta-casen-2024,f0b8e725e9722cc8aadcee12194b8202bd9980f49995f3c12055b9722b1f8050,,
624144,application/vnd.openxmlformats-officedocument.spreadsheetml.sheet,Pobreza_Casen_2024.xlsx,Fuentes\fuentes_externas\raw\F-03\20260913T161208Z_96683870dc7dfc1c.raw,https://observatorio.ministeriodesarrollosocial.gob.cl/storage/docs/casen/2024/Pobreza_Casen_2024.xlsx,96683870dc7dfc1c2aef7e41bcef943e5a6471cae6a91529ee8f947da41e7e64,85,Índice | Notas Técnicas | 1 | 2 | 3 | 4 | 5 | 6 | 7 | 8 | 9 | 10 | 11 | 12 | 13 | 14 | 15 | 16 | 17 | 18 | 19 | 20 | 21 | 22 | 23 | 24 | 25 | 26 | 27 | 28 | 29 | 30 | 31 | 32 | 33 | 34 | 35 | 36 | 37 | 38 | 39 | 40 | 41 | 42 | 43 | 44 | 45 | 46 | 47 | 48 | 49 | 50 | 51 | 52 | 53 | 54 | 55 | 56 | 57 | 58 | 59 | 60 | 61 | 62 | 63 | 64 | 65 | 66 | 67 | 68 | 69 | 70 | 71 | 72 | 73 | 74 | 75 | 76 | 77 | 78 | 79 | 80 | 81 | 82 | 83
208562,application/vnd.openxmlformats-officedocument.spreadsheetml.sheet,Pobreza_Multidimensional_Casen_2024.xlsx,Fuentes\fuentes_externas\raw\F-03\20260913T161211Z_c4d34041711e6e48.raw,https://observatorio.ministeriodesarrollosocial.gob.cl/storage/docs/casen/2024/Pobreza_Multidimensional_Casen_2024.xlsx,c4d34041711e6e48a20b2e636d19ea819cd2b4e476f5f9a063b103e02d876f28,53,Indice | Notas Técnicas | 1 | 2 | 3 | 4 | 5 | 7 | 6 | 8 | 9 | 10 | 11 | 12 | 13 | 14 | 15 | 16 | 17 | 18 | 19 | 20 | 21 | 22 | 23 | 24 | 25 | 26 | 27 | 28 | 29 | 30 | 31 | 32 | 33 | 34 | 35 | 36 | 37 | 38 | 39 | 40 | 41 | 42 | 43 | 44 | 45 | 46 | 47 | 48 | 49 | 50 | 51
131965,application/vnd.openxmlformats-officedocument.spreadsheetml.sheet,Pobreza_Severa_Casen_2024.xlsx,Fuentes\fuentes_externas\raw\F-03\20260913T161213Z_f0bb094fe68343c5.raw,https://observatorio.ministeriodesarrollosocial.gob.cl/storage/docs/casen/2024/Pobreza_Severa_Casen_2024.xlsx,f0bb094fe68343c509190135d7ff4244bbef04fbfb62df717543c61b163b36ed,25,Índice | Notas Técnicas | 1 | 2 | 3 | 4 | 5 | 6 | 7 | 8 | 9 | 10 | 11 | 12 | 13 | 14 | 15 | 16 | 17 | 18 | 19 | 20 | 21 | 22 | 23
385039,application/vnd.openxmlformats-officedocument.spreadsheetml.sheet,Ingreso_Casen_2024.xlsx,Fuentes\fuentes_externas\raw\F-03\20260913T161216Z_139341b051da5291.raw,https://observatorio.ministeriodesarrollosocial.gob.cl/storage/docs/casen/2024/Ingreso_Casen_2024.xlsx,139341b051da529101c31ac0fa34b7fa83e9a0cb2a346bef3c9b8e2a384c5dd2,26,INDICE | Notas Técnicas | 1 | 2 | 3 | 4 | 5 | 6 | 7 | 8 | 9 | 10 | 11 | 12 | 13 | 14 | 15 | 16 | 17 | 18 | 19 | 20 | 21 | 22 | 23 | 24
1584859,application/vnd.openxmlformats-officedocument.spreadsheetml.sheet,Trabajo_Casen_2024.xlsx,Fuentes\fuentes_externas\raw\F-03\20260913T161218Z_f425e8682a76575f.raw,https://observatorio.ministeriodesarrollosocial.gob.cl/storage/docs/casen/2024/Trabajo_Casen_2024.xlsx,f425e8682a76575feadd9cbb7e37dcad3bc943d415183af2c9140c2cb1d43707,189,Índice | Notas Técnicas | Glosario | Clasificadores CIUO - CIIU | 6 | 7 | 8 | 9 | 10 | 11 | 12 | 13 | 14 | 15 | 16 | 17 | 18 | 19 | 20 | 21 | 22 | 23 | 24 | 25 | 26 | 27 | 28 | 29 | 30 | 31 | 32 | 33 | 34 | 35 | 36 | 37 | 38 | 39 | 40 | 41 | 42 | 43 | 44 | 45 | 46 | 47 | 48 | 49 | 50 | 51 | 52 | 53 | 54 | 55 | 56 | 57 | 58 | 59 | 60 | 61 | 62 | 63 | 64 | 65 | 66 | 67 | 68 | 69 | 70 | 71 | 72 | 73 | 74 | 75 | 76 | 77 | 78 | 79 | 80 | 81 | 82 | 83 | 84 | 85 | 86 | 87 | 88 | 89 | 90 | 91 | 92 | 93 | 94 | 95 | 96 | 97 | 98 | 99 | 100 | 101 | 102 | 103 | 104 | 105 | 106 | 107 | 108 | 109 | 110 | 111 | 112 | 113 | 114 | 115 | 116 | 117 | 118 | 119 | 120 | 121 | 122 | 123 | 124 | 125 | 126 | 127 | 128 | 129 | 130 | 131 | 132 | 133 | 134 | 135 | 136 | 137 | 138 | 139 | 140 | 141 | 142 | 143 | 144 | 145 | 146 | 147 | 148 | 149 | 150 | 151 | 152 | 153 | 154 | 155 | 156 | 157 | 158 | 159 | 160 | 161 | 162 | 163 | 164 | 165 | 166 | 167 | 168 | 169 | 170 | 171 | 172 | 173 | 174 | 175 | 176 | 177 | 178 | 179 | 180 | 181 | 182 | 183 | 184 | 185 | 186 | 187 | 188 | 189 | 190
710528,application/vnd.openxmlformats-officedocument.spreadsheetml.sheet,Educacion_Casen_2024.xlsx,Fuentes\fuentes_externas\raw\F-03\20260913T161223Z_1b92d1ee943fa4f3.raw,https://observatorio.ministeriodesarrollosocial.gob.cl/storage/docs/casen/2024/Educacion_Casen_2024.xlsx,1b92d1ee943fa4f388993669ff65546226d4821975a60a1ce4766ecf5c069e20,124,Indice | Notas Técnicas | 1 | 2 | 3 | 4 | 5 | 6 | 7 | 8 | 9 | 10 | 11 | 12 | 13 | 14 | 15 | 16 | 17 | 18 | 19 | 20 | 21 | 22 | 23 | 24 | 25 | 26 | 27 | 28 | 29 | 30 | 31 | 32 | 33 | 34 | 35 | 36 | 37 | 38 | 39 | 40 | 41 | 42 | 43 | 44 | 45 | 46 | 47 | 48 | 49 | 50 | 51 | 52 | 53 | 54 | 55 | 56 | 57 | 58 | 59 | 60 | 61 | 62 | 63 | 64 | 65 | 66 | 67 | 68 | 69 | 70 | 71 | 72 | 73 | 74 | 75 | 76 | 77 | 78 | 79 | 80 | 81 | 82 | 83 | 84 | 85 | 86 | 87 | 88 | 89 | 90 | 91 | 92 | 93 | 94 | 95 | 96 | 97 | 98 | 99 | 100 | 101 | 102 | 103 | 104 | 105 | 106 | 107 | 108 | 109 | 110 | 111 | 112 | 113 | 114 | 115 | 116 | 117 | 118 | 119 | 120 | 121 | 122
1855192,application/vnd.openxmlformats-officedocument.spreadsheetml.sheet,Salud_Casen_2024.xlsx,Fuentes\fuentes_externas\raw\F-03\20260913T161226Z_bbb36105bb3c9549.raw,https://observatorio.ministeriodesarrollosocial.gob.cl/storage/docs/casen/2024/Salud_Casen_2024.xlsx,bbb36105bb3c9549cf6a215acf5642b97aaae6b40fa3f70ec3f8cdb5959a4286,97,Indice | Notas Técnicas | 1 | 2 | 3 | 4 | 5 | 6 | 7 | 8 | 9 | 10 | 11 | 12 | 13 | 14 | 15 | 16 | 17 | 18 | 19 | 20 | 21 | 22 | 23 | 24 | 25 | 26 | 27 | 28 | 29 | 30 | 31 | 32 | 33 | 34 | 35 | 36 | 37 | 38 | 39 | 40 | 41 | 42 | 43 | 44 | 45 | 46 | 47 | 48 | 49 | 50 | 51 | 52 | 53 | 54 | 55 | 56 | 57 | 58 | 59 | 60 | 61 | 62 | 63 | 64 | 65 | 66 | 67 | 68 | 69 | 70 | 71 | 72 | 73 | 74 | 75 | 76 | 77 | 78 | 79 | 80 | 81 | 82 | 83 | 84 | 85 | 86 | 87 | 88 | 89 | 90 | 91 | 92 | 93 | 94 | 95
1182805,application/vnd.openxmlformats-officedocument.spreadsheetml.sheet,Vivienda_Casen_2024.xlsx,Fuentes\fuentes_externas\raw\F-03\20260913T161230Z_d5615974b6dffa89.raw,https://observatorio.ministeriodesarrollosocial.gob.cl/storage/docs/casen/2024/Vivienda_Casen_2024.xlsx,d5615974b6dffa896c3190fa26d229ecba0089fe6e8f9cc24fceb34bb96a9149,306,Indice | Notas Tecnicas | 1 | 2 | 3 | 4 | 5 | 6 | 7 | 8 | 9 | 10 | 11 | 12 | 13 | 14 | 15 | 16 | 17 | 18 | 19 | 20 | 21 | 22 | 23 | 24 | 25 | 26 | 27 | 28 | 29 | 30 | 31 | 32 | 33 | 34 | 35 | 36 | 37 | 38 | 39 | 40 | 41 | 42 | 43 | 44 | 45 | 46 | 47 | 48 | 49 | 50 | 51 | 52 | 53 | 54 | 55 | 56 | 57 | 58 | 59 | 60 | 61 | 62 | 63 | 64 | 65 | 66 | 67 | 68 | 69 | 70 | 71 | 72 | 73 | 74 | 75 | 76 | 77 | 78 | 79 | 80 | 81 | 82 | 83 | 84 | 85 | 86 | 87 | 88 | 89 | 90 | 91 | 92 | 93 | 94 | 95 | 96 | 97 | 98 | 99 | 100 | 101 | 102 | 103 | 104 | 105 | 106 | 107 | 108 | 109 | 110 | 111 | 112 | 113 | 114 | 115 | 116 | 117 | 118 | 119 | 120 | 121 | 122 | 123 | 124 | 125 | 126 | 127 | 128 | 129 | 130 | 131 | 132 | 133 | 134 | 135 | 136 | 137 | 138 | 139 | 140 | 141 | 142 | 143 | 144 | 145 | 146 | 147 | 148 | 149 | 150 | 151 | 152 | 153 | 154 | 155 | 156 | 157 | 158 | 159 | 160 | 161 | 162 | 163 | 164 | 165 | 166 | 167 | 168 | 169 | 170 | 171 | 172 | 173 | 174 | 175 | 176 | 177 | 178 | 179 | 180 | 181 | 182 | 183 | 184 | 185 | 186 | 187 | 188 | 189 | 190 | 191 | 192 | 193 | 194 | 195 | 196 | 197 | 198 | 199 | 200 | 201 | 202 | 203 | 204 | 205 | 206 | 207 | 208 | 209 | 210 | 211 | 212 | 213 | 214 | 215 | 216 | 217 | 218 | 219 | 220 | 221 | 222 | 223 | 224 | 225 | 226 | 227 | 228 | 229 | 230 | 231 | 232 | 233 | 234 | 235 | 236 | 237 | 238 | 239 | 240 | 241 | 242 | 243 | 244 | 245 | 246 | 247 | 248 | 249 | 250 | 251 | 252 | 253 | 254 | 255 | 256 | 257 | 258 | 259 | 260 | 261 | 262 | 263 | 264 | 265 | 266 | 267 | 268 | 269 | 270 | 271 | 272 | 273 | 274 | 275 | 276 | 277 | 278 | 279 | 280 | 281 | 282 | 283 | 284 | 285 | 286 | 287 | 288 | 289 | 290 | 291 | 292 | 293 | 294 | 295 | 296 | 297 | 298 | 299 | 300 | 301 | 302 | 303 | 304
297352,application/vnd.openxmlformats-officedocument.spreadsheetml.sheet,Estimaciones_Inseguridad_Alimentaria_Casen_2024.xlsx,Fuentes\fuentes_externas\raw\F-03\20260913T161235Z_a24b2bd28f8c3408.raw,https://observatorio.ministeriodesarrollosocial.gob.cl/storage/docs/casen/2024/Estimaciones_Inseguridad_Alimentaria_Casen_2024.xlsx,a24b2bd28f8c340899b414e427c9fcb6be70f0b9ecc170db0b63d11da9a3e533,64,Indice | Notas técnicas | 1 | 2 | 3 | 4 | 5 | 6 | 7 | 8 | 9 | 10 | 11 | 12 | 13 | 14 | 15 | 16 | 17 | 18 | 19 | 20 | 21 | 22 | 23 | 24 | 25 | 26 | 27 | 28 | 29 | 30 | 31 | 32 | 33 | 34 | 35 | 36 | 37 | 38 | 39 | 40 | 41 | 42 | 43 | 44 | 45 | 46 | 47 | 48 | 49 | 50 | 51 | 52 | 53 | 54 | 55 | 56 | 57 | 58 | 59 | 60 | 61 | 62
547144,application/vnd.openxmlformats-officedocument.spreadsheetml.sheet,Ninos_Ninas_y_Adolescentes_Casen_2024.xlsx,Fuentes\fuentes_externas\raw\F-03\20260913T161237Z_ac0694cb6e388722.raw,https://observatorio.ministeriodesarrollosocial.gob.cl/storage/docs/casen/2024/Ninos_Ninas_y_Adolescentes_Casen_2024.xlsx,ac0694cb6e388722fb81b45d77fb205a0f63d0a34f624d8b9d001ddee8bac075,77,Indice | Notas técnicas | 1 | 2 | 3 | 4 | 5 | 6 | 7 | 8 | 9 | 10 | 11 | 12 | 13 | 14 | 15 | 16 | 17 | 18 | 19 | 20 | 21 | 22 | 23 | 24 | 25 | 26 | 27 | 28 | 29 | 30 | 31 | 32 | 33 | 34 | 35 | 36 | 37 | 38 | 39 | 40 | 41 | 42 | 43 | 44 | 45 | 46 | 47 | 48 | 49 | 50 | 51 | 52 | 53 | 54 | 55 | 56 | 57 | 58 | 59 | 60 | 61 | 62 | 63 | 64 | 65 | 66 | 67 | 68 | 69 | 70 | 71 | 72 | 73 | 74 | 75
992868,application/vnd.openxmlformats-officedocument.spreadsheetml.sheet,Personas_Mayores_Casen_2024.xlsx,Fuentes\fuentes_externas\raw\F-03\20260913T161240Z_f23afdcd46e4746c.raw,https://observatorio.ministeriodesarrollosocial.gob.cl/storage/docs/casen/2024/Personas_Mayores_Casen_2024.xlsx,f23afdcd46e4746c371bf9fe67696fcebab6bc2f4465e9b0b552cb857085d012,120,Indice | Notas Técnicas | Glosario | 1 | 2 | 3 | 4 | 5 | 6 | 7 | 8 | 9 | 10 | 11 | 12 | 13 | 14 | 15 | 16 | 17 | 18 | 19 | 20 | 21 | 22 | 23 | 24 | 25 | 26 | 27 | 28 | 29 | 29_hh_d_rez_may60c | 29_hh_d_esc_may60c | 29_hh_d_ape_may60c | 29_hh_d_acc_may60c | 29_hh_d_ali_may60c | 29_hh_d_contprev_may60c | 29_hh_d_dpf_may60c | 29_hh_d_actsub_may60c | 29_hh_d_inf_may60c | 29_hh_d_jub_may60c | 29_hh_d_cui_may60c | 29_hh_d_defcuali_may60c | 29_hh_d_defcuanti_may60c | 29_hh_d_accesi_may60c | 29_hh_d_medio_may60c | 29_hh_d_apoyo_may60c | 29_hh_d_tsocial_may60c | 29_hh_d_conec_may60c | 29_hh_d_seg_may60c | 30 | 31 | 32 | 33 | 34 | 35 | 36 | 37 | 38 | 39 | 40 | 41 | 42 | 43 | 44 | 45 | 46 | 47 | 48 | 49 | 50 | 51 | 52 | 53 | 54 | 55 | 56 | 57 | 58 | 59 | 60 | 61 | 62 | 63 | 64 | 65 | 66 | 67 | 68 | 69 | 70 | 71 | 72 | 73 | 74 | 75 | 76 | 77 | 78 | 79 (AM) | 79 | 80 | 81 | 82 | 83 (AM) | 83 | 84 | 85 | 86 | 87 | 88(AM) | 88 | 89(AM) | 89 | 90 | 91 | 92 | 93 | 94
935749,application/vnd.openxmlformats-officedocument.spreadsheetml.sheet,Poblacion_nacida_fuera_de_Chile_Casen_2024.xlsx,Fuentes\fuentes_externas\raw\F-03\20260913T161243Z_09379f8f4572576b.raw,https://observatorio.ministeriodesarrollosocial.gob.cl/storage/docs/casen/2024/Poblacion_nacida_fuera_de_Chile_Casen_2024.xlsx,09379f8f4572576b7b0ae04d910731033285d788957ffd8f55872511b12402cb,85,Indice | Notas Técnicas | 1 | 2 | 3 | 4 | 5 | 6 | 7 | 8 | 9 | 10 | 11 | 12 | 13 | 14 | 15 | 16 | 17 | 18 | 19 | 20 | 21 | 22 | 23 | 24 | 25 | 26 | 27 | 28 | 29 | 30 | 31 | 32 | 33 | 34 | 35 | 36 | 37 | 38 | 39 | 40 | 41 | 42 | 43 | 44 | 45 | 46 | 47 | 48 | 49 | 50 | 51 | 52 | 53 | 54 | 55 | 56 | 57 | 58 | 59 | 60 | 61 | 62 | 63 | 64 | 65 | 66 | 67 | 68 | 69 | 70 | 71 | 72 | 73 | 74 | 75 | 76 | 77 | 78 | 79 | 80 | 81 | 82 | 83
1172441,application/vnd.openxmlformats-officedocument.spreadsheetml.sheet,Resultados_pueblos_indigenas_casen_2024.xlsx,Fuentes\fuentes_externas\raw\F-03\20260913T161247Z_6907fb42f06d1b4b.raw,https://observatorio.ministeriodesarrollosocial.gob.cl/storage/docs/casen/2024/Resultados_pueblos_indigenas_casen_2024.xlsx,6907fb42f06d1b4bca61482eeca20991bcf0dfd60f7ffcf94ae9e148b5fabd04,83,Indice | Notas Técnicas | 1 | 2 | 3 | 4 | 5 | 6 | 7 | 8 | 9 | 10 | 11 | 12 | 13 | 14 | 15 | 16 | 17 | 18 | 19 | 20 | 21 | 22 | 23 | 24 | 25 | 26 | 27 | 28 | 29 | 30 | 31 | 32 | 33 | 34 | 35 | 36 | 37 | 38 | 39 | 40 | 41 | 42 | 43 | 44 | 45 | 46 | 47 | 48 | 49 | 50 | 51 | 52 | 53 | 54 | 55 | 56 | 57 | 58 | 59 | 60 | 61 | 62 | 63 | 64 | 65 | 66 | 67 | 68 | 69 | 70 | 71 | 72 | 73 | 74 | 75 | 76 | 77 | 78 | 79 | 80 | 81
446657,application/vnd.openxmlformats-officedocument.spreadsheetml.sheet,Discapacidad_Casen_2024.xlsx,Fuentes\fuentes_externas\raw\F-03\20260913T161251Z_3f6664be66eb051b.raw,https://observatorio.ministeriodesarrollosocial.gob.cl/storage/docs/casen/2024/Discapacidad_Casen_2024.xlsx,3f6664be66eb051b05d46681dc3369dd708d5c2ac734704fd24c4591dd5fdf1a,117,Discapacidad | Notas Técnicas | 1.1 | 1.2 | 1.3 | 1.4 | 1.5 | 1.6 | 2.1 | 2.2 | 2.3 | 2.4 | 2.5 | 2.6 | 3 | 4 | 5 | 6 | 7 | 8 | 9 | 10 | 11 | 12 | 13 | 14 | 15 | 16 | 17 | 18 | 19 | 20 | 21 | 22 | 23 | 24 | 25 | 26 | 27 | 28 | 29 | 30 | 31 | 32 | 33 | 34 | 35 | 36 | 37 | 38 | 39.1 | 39.2 | 39.3 | 39.4 | 39.5 | 39.6 | 39.7 | 39.8 | 39.9 | 39.10 | 39.11 | 39.12 | 39.13 | 39.14 | 39.15 | 39.16 | 39.17 | 39.18 | 39.19 | 39.20 | 40 | 41 | 42 | 43 | 44 | 45 | 46 | 47 | 48.1 | 48.2 | 48.3 | 49 | 50 | 51 | 52 | 53 | 54 | 55 | 56 | 57 | 58 | 59 | 60 | 61 | 62 | 63 | 64 | 65 | 66 | 67 | 68 | 69 | 70 | 71.1 | 71.2 | 71.3 | 72.1 | 72.2 | 72.3 | 72.4 | 72.5 | 72.6 | 72.7 | 72.8 | 72.9 | 73 | 74
2277620,application/vnd.openxmlformats-officedocument.spreadsheetml.sheet,Resultados_Regionales_Casen_2024.xlsx,Fuentes\fuentes_externas\raw\F-03\20260913T161254Z_126dc108b2f89aa6.raw,https://observatorio.ministeriodesarrollosocial.gob.cl/storage/docs/casen/2024/Resultados_Regionales_Casen_2024.xlsx,126dc108b2f89aa60dc5c47db2ed6bd4ca667cda934d41a929d1a9fb59cab2ec,87,Indice | Notas Técnicas | 1 | 2 | 3 | 4 | 5 | 6 | 7 | 8 | 9 | 10 | 11 | 12 | 13 | 14 | 15 | 16 | 17 | 18 | 19 | 20 | 21 | 22 | 23 | 24 | 25 | 26 | 27 | 28 | 29 | 30 | 31 | 32 | 33 | 34 | 35 | 36 | 37 | 38 | 39 | 40 | 41 | 42 | 43 | 44 | 45 | 46 | 47 | 48 | 49 | 50 | 51 | 52 | 53 | 54 | 55 | 56 | 57 | 58 | 59 | 60 | 61 | 62 | 63 | 64 | 65 | 66 | 67 | 68 | 69 | 70 | 71 | 72 | 73 | 74 | 75 | 76 | 77 | 78 | 79 | 80 | 81 | 82 | 83 | 84 | 85
34943,application/zip,Programacion_Cepal.zip,Fuentes\fuentes_externas\raw\F-03\20260913T161300Z_708d390500d9c53f.raw,https://observatorio.ministeriodesarrollosocial.gob.cl/storage/docs/casen/2024/Programacion_Cepal.zip,708d390500d9c53f6eb91df545f9fe5e8f035353eff504bf7886b3b4fea24e34,,
2855219,text/plain; charset=UTF-8,casen_2024_provincia_comuna.dta,Fuentes\fuentes_externas\raw\F-03\20260913T161302Z_16ac315fee386ede.raw,https://observatorio.ministeriodesarrollosocial.gob.cl/storage/docs/casen/2024/casen_2024_provincia_comuna.dta,16ac315fee386edef02a38507c9af4fe5cbb8cf3b083a5898ad7791fb18a0cae,,
551986,application/octet-stream	,casen_2024_provincia_comuna.RData,Fuentes\fuentes_externas\raw\F-03\20260913T161304Z_c86c1c4fd8f434c7.raw,https://observatorio.ministeriodesarrollosocial.gob.cl/storage/docs/casen/2024/casen_2024_provincia_comuna.RData,c86c1c4fd8f434c72d55227ad27034a89cf57c0f370b832a1ee4f43847939092,,
5488742,text/plain; charset=UTF-8,casen_2024_provincia_comuna.sav,Fuentes\fuentes_externas\raw\F-03\20260913T161306Z_191704820ec5fde7.raw,https://observatorio.ministeriodesarrollosocial.gob.cl/storage/docs/casen/2024/casen_2024_provincia_comuna.sav,191704820ec5fde7b5954ebdf48a92600c33e47e5ab9c901c6fcbe2afda1ef8c,,
241945,application/vnd.openxmlformats-officedocument.spreadsheetml.sheet,Libro_de_codigos_Casen_2024.xlsx,Fuentes\fuentes_externas\raw\F-03\20260913T161308Z_c78453bb68ca55cd.raw,https://observatorio.ministeriodesarrollosocial.gob.cl/storage/docs/casen/2024/Libro_de_codigos_Casen_2024.xlsx,c78453bb68ca55cd0201d5421c14a6fee80028e40b6ece639e6a5c6c8b7d4f74,23,Índice | Ficha téc | Cuestionario | Llave | HdR | Factor | H | E | O | Y | S | R | V | Osig | Ing Cepal | Ing MDSF | PM | Var MDSF | Anexo1 | Anexo2 | Anexo3 | Anexo4 | Anexo5
33945,application/vnd.openxmlformats-officedocument.spreadsheetml.sheet,Libro_de_codigos_Casen_2024_prov_comuna.xlsx,Fuentes\fuentes_externas\raw\F-03\20260913T161310Z_74b9a40a81f95737.raw,https://observatorio.ministeriodesarrollosocial.gob.cl/storage/docs/casen/2024/Libro_de_codigos_Casen_2024_prov_comuna.xlsx,74b9a40a81f957379bf02aad4b6755c6f9fac58f64d04f8cdde3d8b8db884c17,2,Base provincia comuna | Anexo1
